timestamp,open,high,low,close,volume
1766930040,87908.5,87908.5,87901.5,87901.5,0.325533
1766930100,87901.5,87901.6,87888.8,87888.9,0.707432
1766930160,87888.9,87891.4,87888.1,87891.4,2.492013
1766930220,87891.4,87899.5,87891.3,87898.1,1.148331
1766930280,87898.1,87920.0,87898.0,87911.4,3.794907
1766930340,87911.4,87911.5,87890.3,87903.2,4.302845
1766930400,87903.2,87916.6,87903.2,87916.5,1.121578
1766930460,87916.5,87939.4,87916.5,87939.3,3.756641
1766930520,87939.3,87986.5,87939.3,87981.6,6.320802
1766930580,87981.6,87981.6,87972.6,87973.0,3.748909
1766930640,87973.0,87984.7,87962.9,87984.6,4.482452
1766930700,87984.6,87986.1,87952.9,87962.5,7.714384
1766930760,87962.5,87977.6,87962.4,87977.6,1.477849
1766930820,87977.6,87980.3,87977.6,87980.2,0.208767
1766930880,87980.2,87980.3,87979.2,87979.2,1.550059
1766930940,87979.2,87987.8,87979.2,87987.7,1.366222
1766931000,87987.7,87992.2,87987.7,87989.3,1.972276
1766931060,87989.3,87990.0,87971.8,87971.8,3.693505
1766931120,87971.8,87982.4,87968.8,87982.3,1.819887
1766931180,87982.3,87982.4,87978.0,87978.0,1.175393
1766931240,87978.0,87978.1,87972.0,87972.3,2.340124
1766931300,87972.3,87972.4,87972.3,87972.3,0.078441
1766931360,87972.3,87982.3,87972.3,87978.3,3.121938
1766931420,87978.3,87978.4,87970.0,87970.0,0.808548
1766931480,87970.0,87973.6,87970.0,87973.5,2.17218
1766931540,87973.5,87973.6,87973.0,87973.1,2.189708
1766931600,87973.1,87973.1,87973.0,87973.0,0.18046
1766931660,87973.0,87984.7,87973.0,87984.7,2.283894
1766931720,87984.7,87984.7,87973.0,87973.0,3.160406
1766931780,87973.0,87973.1,87923.9,87924.0,4.416604
1766931840,87924.0,87943.2,87924.0,87943.2,2.442472
1766931900,87943.2,87946.6,87943.1,87946.6,0.871755
1766931960,87946.6,87953.2,87946.6,87953.2,0.14603
1766932020,87953.2,87972.3,87953.2,87972.3,0.158413
1766932080,87972.3,87972.3,87972.2,87972.2,0.052198
1766932140,87972.2,87981.3,87972.2,87981.3,0.890625
1766932200,87981.3,87981.3,87981.2,87981.2,0.065744
1766932260,87981.2,87981.3,87981.2,87981.2,0.225865
1766932320,87981.2,87981.3,87953.1,87953.1,4.301632
1766932380,87953.1,87953.1,87939.6,87950.6,3.696572
1766932440,87950.6,87961.1,87950.6,87961.1,1.641174
1766932500,87961.1,87961.1,87958.2,87958.2,1.157528
1766932560,87958.2,87965.6,87958.2,87965.5,1.456552
1766932620,87965.5,87965.6,87965.5,87965.5,0.071837
1766932680,87965.5,87978.4,87965.5,87978.3,1.208761
1766932740,87978.3,87978.4,87970.2,87970.2,1.002089
1766932800,87970.2,87975.6,87970.2,87975.6,2.075631
1766932860,87975.6,88095.0,87975.5,88095.0,11.056056
1766932920,88095.0,88095.3,87961.0,87962.5,15.170923
1766932980,87962.5,87999.9,87962.5,87991.4,4.18361
1766933040,87991.4,87991.5,87986.9,87991.5,1.952746
1766933100,87991.5,88022.1,87991.5,88002.4,7.682765
1766933160,88002.4,88022.1,88000.0,88007.2,5.996392
1766933220,88007.2,88014.4,87998.2,87998.2,3.432244
1766933280,87998.2,88019.1,87998.2,88007.1,6.191722
1766933340,88007.1,88018.4,87997.1,87997.1,4.5746
1766933400,87997.1,88004.3,87979.3,87979.4,5.759734
1766933460,87979.4,87986.4,87979.3,87986.4,1.738081
1766933520,87986.4,87994.0,87984.7,87994.0,1.341426
1766933580,87994.0,87994.0,87970.7,87970.7,1.842594
1766933640,87970.7,87970.7,87928.1,87936.7,3.607896
1766933700,87936.7,87936.7,87931.9,87931.9,2.272751
1766933760,87931.9,87931.9,87931.8,87931.9,1.488322
1766933820,87931.9,87934.3,87931.8,87933.3,2.291085
1766933880,87933.3,87933.3,87911.1,87911.2,5.947462
1766933940,87911.2,87917.7,87911.1,87915.5,4.095836
1766934000,87915.5,87915.5,87865.0,87882.4,9.882382
1766934060,87882.4,87901.5,87882.4,87901.5,0.47661
1766934120,87901.5,87926.9,87901.5,87926.8,3.507213
1766934180,87926.8,87939.1,87926.8,87926.9,3.150313
1766934240,87926.9,87950.6,87926.8,87950.5,3.917131
1766934300,87950.5,87978.0,87950.5,87977.9,4.873239
1766934360,87977.9,87985.5,87944.8,87944.9,4.951133
1766934420,87944.9,87961.7,87933.4,87943.1,4.941698
1766934480,87943.1,87943.2,87943.1,87943.2,0.31825
1766934540,87943.2,87950.0,87943.1,87950.0,0.658225
1766934600,87950.0,87990.6,87949.9,87990.6,0.780776
1766934660,87990.6,87994.4,87962.6,87962.7,3.204144
1766934720,87962.7,87978.1,87962.7,87970.4,3.266272
1766934780,87970.4,87977.5,87970.3,87977.5,1.240568
1766934840,87977.5,87977.5,87970.5,87970.6,2.21676
1766934900,87970.6,87997.6,87970.6,87991.2,5.240211
1766934960,87991.2,87995.6,87991.2,87995.5,1.837912
1766935020,87995.5,87995.5,87987.4,87987.7,0.713765
1766935080,87987.7,87990.4,87987.7,87990.4,0.785774
1766935140,87990.4,87990.4,87986.2,87986.2,1.339683
1766935200,87986.2,87986.3,87978.2,87982.7,4.031403
1766935260,87982.7,88003.4,87970.7,87971.2,7.319921
1766935320,87971.2,87971.3,87964.2,87966.8,2.00166
1766935380,87966.8,87966.9,87966.8,87966.8,0.080416
1766935440,87966.8,87966.9,87946.4,87946.4,2.167865
1766935500,87946.4,87960.5,87945.6,87960.4,3.005554
1766935560,87960.4,87960.5,87960.4,87960.4,0.94373
1766935620,87960.4,87975.6,87960.4,87975.6,1.25579
1766935680,87975.6,87975.6,87954.7,87954.7,3.310398
1766935740,87954.7,87960.6,87954.7,87960.5,1.676638
1766935800,87960.5,87960.6,87933.7,87933.8,2.598668
1766935860,87933.8,87940.2,87933.7,87940.2,1.951357
1766935920,87940.2,87940.2,87935.4,87935.5,2.572317
1766935980,87935.5,87935.5,87930.5,87930.5,1.178765
1766936040,87930.5,87930.5,87906.8,87906.8,1.807167
1766936100,87906.8,87911.7,87904.5,87911.7,2.672532
1766936160,87911.7,87911.7,87911.6,87911.7,0.092432
1766936220,87911.7,87911.7,87911.6,87911.7,0.118724
1766936280,87911.7,87925.2,87911.6,87925.2,2.894616
1766936340,87925.2,87939.6,87925.1,87939.6,1.026423
1766936400,87939.6,87939.6,87921.2,87927.1,2.608991
1766936460,87927.1,87927.1,87927.0,87927.1,0.060981
1766936520,87927.1,87927.1,87927.0,87927.1,0.087781
1766936580,87927.1,87928.5,87927.1,87928.5,1.180035
1766936640,87928.5,87928.5,87928.4,87928.5,0.386654
1766936700,87928.5,87928.5,87928.4,87928.5,0.080679
1766936760,87928.5,87940.6,87928.4,87940.5,2.848578
1766936820,87940.5,87940.6,87940.5,87940.5,0.088593
1766936880,87940.5,87940.6,87940.5,87940.5,0.10698
1766936940,87940.5,87940.6,87940.5,87940.5,0.192749
1766937000,87940.5,87956.9,87940.5,87956.8,1.234842
1766937060,87956.8,87962.3,87956.8,87962.2,0.375316
1766937120,87962.2,87962.3,87930.0,87930.0,4.494771
1766937180,87930.0,87930.0,87868.6,87884.7,7.595145
1766937240,87884.7,87884.8,87840.8,87840.8,3.696798
1766937300,87840.8,87873.9,87825.0,87873.8,4.685332
1766937360,87873.8,87873.9,87870.8,87870.8,1.308778
1766937420,87870.8,87870.9,87865.7,87865.7,1.378678
1766937480,87865.7,87865.7,87835.0,87835.0,0.984105
1766937540,87835.0,87836.0,87835.0,87835.9,1.343839
1766937600,87835.9,87849.5,87835.9,87849.5,1.734726
1766937660,87849.5,87849.5,87831.4,87831.4,2.44737
1766937720,87831.4,87831.5,87828.2,87828.3,0.264554
1766937780,87828.3,87841.4,87828.2,87841.4,2.935403
1766937840,87841.4,87865.5,87841.4,87865.4,2.057288
1766937900,87865.4,87874.1,87865.4,87874.1,2.88277
1766937960,87874.1,87897.6,87863.2,87863.2,7.236162
1766938020,87863.2,87870.0,87855.1,87855.2,2.736648
1766938080,87855.2,87864.9,87855.1,87864.9,2.855333
1766938140,87864.9,87864.9,87864.8,87864.8,0.056741
1766938200,87864.8,87864.9,87861.0,87861.1,1.295832
1766938260,87861.1,87863.7,87856.0,87863.7,1.04793
1766938320,87863.7,87863.7,87856.1,87858.9,2.412672
1766938380,87858.9,87859.0,87843.5,87843.6,2.238716
1766938440,87843.6,87862.5,87843.5,87862.5,2.951801
1766938500,87862.5,87868.9,87862.4,87868.9,0.482331
1766938560,87868.9,87868.9,87868.8,87868.8,0.084209
1766938620,87868.8,87868.9,87868.8,87868.9,0.086691
1766938680,87868.9,87882.4,87868.8,87882.3,1.405015
1766938740,87882.3,87897.5,87882.3,87884.0,4.102786
1766938800,87884.0,87884.0,87883.9,87884.0,2.037447
1766938860,87884.0,87884.0,87874.0,87874.0,1.28501
1766938920,87874.0,87874.0,87858.2,87858.2,1.482004
1766938980,87858.2,87858.2,87830.8,87830.9,1.888848
1766939040,87830.9,87830.9,87765.1,87772.4,7.401449
1766939100,87772.4,87772.5,87727.2,87766.2,12.237652
1766939160,87766.2,87849.6,87766.2,87799.2,16.951796
1766939220,87799.2,87799.3,87799.2,87799.2,0.26858
1766939280,87799.2,87799.3,87765.8,87786.8,5.747857
1766939340,87786.8,87786.9,87775.2,87778.4,3.432456
1766939400,87778.4,87811.7,87778.3,87806.9,4.348664
1766939460,87806.9,87820.5,87804.4,87808.4,7.299808
1766939520,87808.4,87808.5,87804.8,87804.8,1.230126
1766939580,87804.8,87815.9,87804.8,87815.8,3.231454
1766939640,87815.8,87815.9,87815.8,87815.8,0.164885
1766939700,87815.8,87815.9,87798.7,87798.7,1.391554
1766939760,87798.7,87819.8,87798.7,87819.7,2.114771
1766939820,87819.7,87833.5,87819.7,87833.5,0.82195
1766939880,87833.5,87833.5,87804.5,87804.5,13.052715
1766939940,87804.5,87804.6,87804.5,87804.5,0.08525
1766940000,87804.5,87811.4,87804.5,87811.3,1.084327
1766940060,87811.3,87824.0,87811.3,87823.9,0.916579
1766940120,87823.9,87824.0,87823.9,87824.0,0.08513
1766940180,87824.0,87827.2,87823.9,87827.2,0.461224
1766940240,87827.2,87827.2,87806.6,87806.6,1.803679
1766940300,87806.6,87806.7,87806.6,87806.7,0.151226
1766940360,87806.7,87833.5,87806.7,87833.5,2.468862
1766940420,87833.5,87833.5,87833.4,87833.5,0.196352
1766940480,87833.5,87833.5,87833.4,87833.5,0.081649
1766940540,87833.5,87833.5,87833.4,87833.5,0.242184
1766940600,87833.5,87833.5,87833.4,87833.5,1.133204
1766940660,87833.5,87835.1,87833.4,87835.1,1.085137
1766940720,87835.1,87835.1,87835.0,87835.1,0.041389
1766940780,87835.1,87835.1,87835.0,87835.0,0.077098
1766940840,87835.0,87835.1,87835.0,87835.1,0.065816
1766940900,87835.1,87835.1,87815.9,87819.2,2.026979
1766940960,87819.2,87822.0,87819.1,87821.9,1.750208
1766941020,87821.9,87822.0,87819.9,87820.0,0.886536
1766941080,87820.0,87820.0,87819.9,87819.9,0.318239
1766941140,87819.9,87820.0,87819.9,87820.0,0.045447
1766941200,87820.0,87820.0,87819.9,87819.9,0.039375
1766941260,87819.9,87830.0,87819.9,87829.9,1.418408
1766941320,87829.9,87830.0,87825.9,87826.0,0.691929
1766941380,87826.0,87826.0,87825.9,87825.9,0.157144
1766941440,87825.9,87850.3,87825.9,87850.2,2.799768
1766941500,87850.2,87850.2,87824.8,87831.2,2.480879
1766941560,87831.2,87831.3,87831.2,87831.2,0.059707
1766941620,87831.2,87831.3,87831.2,87831.2,0.066505
1766941680,87831.2,87852.6,87831.2,87852.6,1.486813
1766941740,87852.6,87852.7,87852.6,87852.6,0.093253
1766941800,87852.6,87888.9,87852.6,87888.8,2.287299
1766941860,87888.8,87891.0,87888.8,87891.0,1.239546
1766941920,87891.0,87891.3,87881.0,87881.1,2.333847
1766941980,87881.1,87888.3,87881.1,87888.2,0.868358
1766942040,87888.2,87900.0,87888.2,87900.0,0.923201
1766942100,87900.0,87910.0,87900.0,87906.5,2.484884
1766942160,87906.5,87920.0,87906.5,87920.0,1.425727
1766942220,87920.0,87924.0,87919.9,87923.9,0.21373
1766942280,87923.9,87930.1,87920.0,87920.1,3.181085
1766942340,87920.1,87920.1,87890.9,87891.0,1.506718
1766942400,87891.0,87891.0,87888.3,87888.4,0.058713
1766942460,87888.4,87912.2,87888.3,87912.2,2.186385
1766942520,87912.2,87912.2,87911.1,87911.2,0.433281
1766942580,87911.2,87911.2,87899.1,87899.2,2.216961
1766942640,87899.2,87920.1,87887.6,87920.1,3.911478
1766942700,87920.1,87920.1,87901.9,87902.0,2.176025
1766942760,87902.0,87902.0,87894.0,87894.0,0.95548
1766942820,87894.0,87894.1,87894.0,87894.1,0.065062
1766942880,87894.1,87894.1,87894.0,87894.0,0.092238
1766942940,87894.0,87894.1,87894.0,87894.0,0.10065
1766943000,87894.0,87894.1,87890.2,87890.2,0.245419
1766943060,87890.2,87890.3,87859.8,87873.0,5.483981
1766943120,87873.0,87874.5,87827.1,87830.8,6.451904
1766943180,87830.8,87837.0,87825.2,87825.2,1.235782
1766943240,87825.2,87825.3,87818.9,87819.0,1.184883
1766943300,87819.0,87819.0,87818.9,87818.9,0.111555
1766943360,87818.9,87819.0,87818.9,87818.9,0.098093
1766943420,87818.9,87819.0,87818.9,87819.0,0.137947
1766943480,87819.0,87823.7,87818.9,87823.6,1.684071
1766943540,87823.6,87830.0,87813.7,87813.8,2.290659
1766943600,87813.8,87813.8,87813.7,87813.8,0.11527
1766943660,87813.8,87813.8,87813.7,87813.8,0.090347
1766943720,87813.8,87813.8,87813.7,87813.8,1.17964
1766943780,87813.8,87813.8,87813.7,87813.8,0.11698
1766943840,87813.8,87813.8,87813.7,87813.8,0.118179
1766943900,87813.8,87813.8,87799.9,87812.9,3.323643
1766943960,87812.9,87821.9,87809.9,87821.8,2.623394
1766944020,87821.8,87821.9,87811.6,87815.2,2.678869
1766944080,87815.2,87815.2,87815.1,87815.2,0.068928
1766944140,87815.2,87815.2,87811.1,87811.1,1.367406
1766944200,87811.1,87811.2,87793.2,87793.2,0.735436
1766944260,87793.2,87793.3,87791.6,87791.7,1.049858
1766944320,87791.7,87791.7,87791.6,87791.7,0.117038
1766944380,87791.7,87791.7,87787.7,87787.8,0.459787
1766944440,87787.8,87787.8,87787.7,87787.7,0.165223
1766944500,87787.7,87787.8,87787.7,87787.8,0.07733
1766944560,87787.8,87787.8,87753.3,87757.6,3.811429
1766944620,87757.6,87762.5,87757.6,87762.5,2.57099
1766944680,87762.5,87762.5,87762.4,87762.4,0.222804
1766944740,87762.4,87762.5,87759.1,87759.1,1.934404
1766944800,87759.1,87770.6,87759.1,87759.8,4.648272
1766944860,87759.8,87759.9,87753.7,87753.7,1.169321
1766944920,87753.7,87753.8,87687.5,87701.3,14.054732
1766944980,87701.3,87701.3,87634.2,87640.2,12.034056
1766945040,87640.2,87661.9,87620.5,87661.9,14.118091
1766945100,87661.9,87698.0,87661.9,87689.6,6.253691
1766945160,87689.6,87689.6,87673.2,87679.9,3.96384
1766945220,87679.9,87680.0,87664.0,87664.0,2.274934
1766945280,87664.0,87683.9,87664.0,87683.9,3.304982
1766945340,87683.9,87683.9,87666.7,87679.4,4.951419
1766945400,87679.4,87690.4,87679.4,87690.3,3.381092
1766945460,87690.3,87690.3,87688.5,87688.6,0.151544
1766945520,87688.6,87710.0,87688.5,87709.9,2.045363
1766945580,87709.9,87710.0,87690.0,87690.1,2.034921
1766945640,87690.1,87690.1,87670.9,87676.4,2.110013
1766945700,87676.4,87679.2,87491.9,87533.5,35.481804
1766945760,87533.5,87592.9,87528.6,87592.9,8.477335
1766945820,87592.9,87609.6,87549.6,87596.0,7.625217
1766945880,87596.0,87606.2,87590.9,87603.0,5.912013
1766945940,87603.0,87662.2,87603.0,87637.6,14.5582
1766946000,87637.6,87665.4,87626.7,87656.4,6.696072
1766946060,87656.4,87674.1,87637.3,87674.1,8.368775
1766946120,87674.1,87683.0,87666.1,87666.2,3.280339
1766946180,87666.2,87681.0,87666.1,87672.1,3.230296
1766946240,87672.1,87672.1,87662.6,87662.7,0.873878
1766946300,87662.7,87691.2,87662.6,87691.1,1.449411
1766946360,87691.1,87693.2,87685.1,87693.1,1.660195
1766946420,87693.1,87715.5,87693.1,87715.5,1.874462
1766946480,87715.5,87721.2,87715.5,87721.1,0.997198
1766946540,87721.1,87721.2,87721.1,87721.1,0.103894
1766946600,87721.1,87721.1,87690.0,87720.1,4.738999
1766946660,87720.1,87735.7,87720.1,87735.6,0.351174
1766946720,87735.6,87735.7,87718.5,87722.4,2.270212
1766946780,87722.4,87734.0,87722.4,87734.0,0.583383
1766946840,87734.0,87734.0,87733.9,87734.0,0.242408
1766946900,87734.0,87758.2,87733.9,87748.3,2.709166
1766946960,87748.3,87753.6,87733.3,87733.3,2.350984
1766947020,87733.3,87733.4,87723.6,87728.1,1.747802
1766947080,87728.1,87728.2,87728.1,87728.1,0.104855
1766947140,87728.1,87739.9,87728.1,87739.9,1.242067
1766947200,87739.9,87739.9,87731.8,87731.9,2.234507
1766947260,87731.9,87739.5,87731.8,87739.5,1.188969
1766947320,87739.5,87750.5,87739.4,87750.4,0.575715
1766947380,87750.4,87750.5,87696.1,87703.7,4.414532
1766947440,87703.7,87710.4,87703.7,87710.4,0.487786
1766947500,87710.4,87710.4,87701.3,87706.8,2.844229
1766947560,87706.8,87706.8,87661.7,87661.7,3.060643
1766947620,87661.7,87661.8,87611.0,87640.5,6.281033
1766947680,87640.5,87640.6,87627.6,87637.9,2.306636
1766947740,87637.9,87642.6,87637.8,87642.6,0.532621
1766947800,87642.6,87648.6,87642.5,87648.6,0.229641
1766947860,87648.6,87654.1,87603.0,87603.0,3.262305
1766947920,87603.0,87626.6,87603.0,87622.3,3.449773
1766947980,87622.3,87622.3,87577.2,87577.2,2.292564
1766948040,87577.2,87577.2,87530.1,87558.2,9.453737
1766948100,87558.2,87592.3,87551.4,87590.8,3.185252
1766948160,87590.8,87608.3,87583.8,87608.3,4.524365
1766948220,87608.3,87608.3,87600.9,87604.7,1.439386
1766948280,87604.7,87604.8,87604.7,87604.7,0.057236
1766948340,87604.7,87604.8,87596.1,87596.3,0.816651
1766948400,87596.3,87605.0,87591.3,87604.2,5.390469
1766948460,87604.2,87636.7,87604.2,87636.7,1.213455
1766948520,87636.7,87636.8,87627.6,87627.6,1.139879
1766948580,87627.6,87627.7,87554.9,87562.9,10.941574
1766948640,87562.9,87562.9,87529.5,87529.5,4.043456
1766948700,87529.5,87545.9,87512.6,87545.9,5.336978
1766948760,87545.9,87583.5,87537.3,87583.5,4.002958
1766948820,87583.5,87587.1,87568.4,87587.0,3.530197
1766948880,87587.0,87591.5,87587.0,87591.5,0.700055
1766948940,87591.5,87635.2,87591.4,87635.2,2.28309
1766949000,87635.2,87693.1,87635.2,87667.3,9.241632
1766949060,87667.3,87679.0,87658.6,87666.5,2.575293
1766949120,87666.5,87666.5,87649.0,87649.0,1.710516
1766949180,87649.0,87665.8,87649.0,87665.7,1.626764
1766949240,87665.7,87671.2,87665.7,87671.2,1.377609
1766949300,87671.2,87671.2,87642.4,87642.4,3.111365
1766949360,87642.4,87646.2,87642.4,87646.2,1.479709
1766949420,87646.2,87647.5,87639.6,87639.6,1.320783
1766949480,87639.6,87639.7,87639.6,87639.7,0.130278
1766949540,87639.7,87639.7,87627.3,87627.4,1.324882
1766949600,87627.4,87627.4,87613.8,87613.8,0.720922
1766949660,87613.8,87639.0,87611.5,87639.0,3.646233
1766949720,87639.0,87639.0,87636.5,87636.5,1.572335
1766949780,87636.5,87636.6,87545.9,87545.9,11.107683
1766949840,87545.9,87546.0,87521.6,87546.0,5.600436
1766949900,87546.0,87546.0,87512.7,87518.9,5.920194
1766949960,87518.9,87527.9,87518.9,87527.8,0.375368
1766950020,87527.8,87527.9,87527.8,87527.8,0.419208
1766950080,87527.8,87527.9,87506.7,87518.8,3.354856
1766950140,87518.8,87519.1,87516.5,87516.6,0.879884
1766950200,87516.6,87527.8,87516.5,87527.8,1.190815
1766950260,87527.8,87562.8,87527.7,87548.3,8.077436
1766950320,87548.3,87614.4,87548.2,87614.4,7.17129
1766950380,87614.4,87614.4,87588.8,87588.8,3.225676
1766950440,87588.8,87642.5,87588.8,87625.5,9.780638
1766950500,87625.5,87635.4,87617.8,87635.4,1.638517
1766950560,87635.4,87635.4,87625.3,87625.3,1.493676
1766950620,87625.3,87625.4,87617.0,87617.0,1.532078
1766950680,87617.0,87617.1,87613.1,87613.1,0.182745
1766950740,87613.1,87616.7,87613.1,87616.7,1.691464
1766950800,87616.7,87626.5,87616.7,87626.4,0.964425
1766950860,87626.4,87626.5,87618.9,87623.7,2.481144
1766950920,87623.7,87632.1,87623.6,87623.7,5.685126
1766950980,87623.7,87623.8,87623.7,87623.7,0.137601
1766951040,87623.7,87632.1,87590.6,87603.5,16.905222
1766951100,87603.5,87603.5,87586.3,87600.9,3.424044
1766951160,87600.9,87619.2,87600.9,87619.2,1.286276
1766951220,87619.2,87619.2,87606.5,87606.6,4.789305
1766951280,87606.6,87614.0,87606.5,87614.0,3.709094
1766951340,87614.0,87614.0,87613.9,87614.0,0.063631
1766951400,87614.0,87614.0,87613.9,87614.0,0.072858
1766951460,87614.0,87614.0,87589.3,87589.3,2.416212
1766951520,87589.3,87589.3,87569.7,87574.4,2.641513
1766951580,87574.4,87574.5,87574.4,87574.5,0.145067
1766951640,87574.5,87574.5,87574.4,87574.5,0.091483
1766951700,87574.5,87574.5,87570.4,87570.5,0.170173
1766951760,87570.5,87570.5,87547.5,87547.5,0.509243
1766951820,87547.5,87553.0,87547.5,87548.9,2.327245
1766951880,87548.9,87553.0,87548.8,87552.9,0.524982
1766951940,87552.9,87556.7,87527.6,87527.6,3.40689
1766952000,87527.6,87551.8,87527.6,87542.4,3.885716
1766952060,87542.4,87545.6,87528.2,87528.3,2.361
1766952120,87528.3,87535.6,87528.3,87535.1,4.437413
1766952180,87535.1,87535.1,87503.9,87515.4,8.454961
1766952240,87515.4,87524.6,87500.7,87500.7,2.683944
1766952300,87500.7,87500.8,87450.5,87475.5,6.033489
1766952360,87475.5,87527.0,87475.4,87526.9,2.421838
1766952420,87526.9,87574.5,87526.9,87574.4,2.89067
1766952480,87574.4,87574.5,87574.4,87574.4,0.111628
1766952540,87574.4,87574.5,87545.3,87548.4,3.21881
1766952600,87548.4,87548.5,87492.9,87497.0,5.198556
1766952660,87497.0,87514.6,87497.0,87504.6,3.122633
1766952720,87504.6,87509.8,87504.6,87509.7,1.21073
1766952780,87509.7,87509.8,87509.7,87509.7,0.11566
1766952840,87509.7,87509.8,87509.7,87509.7,0.107367
1766952900,87509.7,87552.8,87509.7,87552.8,0.916912
1766952960,87552.8,87587.9,87552.8,87562.3,4.958793
1766953020,87562.3,87562.3,87562.2,87562.3,0.125972
1766953080,87562.3,87578.0,87562.3,87577.9,2.064094
1766953140,87577.9,87578.0,87577.9,87578.0,0.01021
1766953200,87578.0,87578.0,87560.8,87560.8,1.972584
1766953260,87560.8,87568.2,87560.8,87568.2,0.931833
1766953320,87568.2,87568.2,87568.1,87568.2,0.095793
1766953380,87568.2,87576.6,87568.1,87576.6,0.879411
1766953440,87576.6,87576.6,87576.5,87576.5,0.060667
1766953500,87576.5,87576.6,87556.7,87556.8,1.64341
1766953560,87556.8,87563.0,87556.7,87563.0,2.71732
1766953620,87563.0,87563.0,87562.9,87563.0,0.052638
1766953680,87563.0,87563.6,87562.9,87563.5,0.911042
1766953740,87563.5,87573.1,87563.5,87573.1,0.366265
1766953800,87573.1,87573.1,87573.0,87573.1,0.167615
1766953860,87573.1,87573.1,87573.0,87573.0,0.254631
1766953920,87573.0,87611.9,87573.0,87611.9,1.058052
1766953980,87611.9,87611.9,87611.8,87611.9,0.86706
1766954040,87611.9,87611.9,87591.7,87601.7,3.439307
1766954100,87601.7,87601.8,87601.7,87601.8,0.138901
1766954160,87601.8,87605.3,87595.6,87595.6,4.817887
1766954220,87595.6,87595.7,87595.6,87595.6,0.110085
1766954280,87595.6,87595.7,87595.6,87595.7,0.060445
1766954340,87595.7,87595.7,87595.6,87595.6,0.079687
1766954400,87595.6,87607.7,87595.6,87607.7,1.250676
1766954460,87607.7,87607.7,87600.2,87600.2,1.819285
1766954520,87600.2,87600.3,87600.2,87600.2,0.048144
1766954580,87600.2,87600.3,87600.2,87600.2,0.111424
1766954640,87600.2,87600.3,87600.2,87600.2,0.196598
1766954700,87600.2,87600.3,87583.1,87583.2,1.603761
1766954760,87583.2,87593.2,87583.1,87593.1,1.764999
1766954820,87593.1,87593.2,87577.8,87577.9,1.713242
1766954880,87577.9,87606.7,87577.9,87606.6,3.778929
1766954940,87606.6,87633.7,87606.6,87633.7,1.237611
1766955000,87633.7,87653.6,87633.6,87653.5,2.32026
1766955060,87653.5,87653.6,87653.5,87653.6,0.209621
1766955120,87653.6,87653.6,87630.4,87630.4,3.409444
1766955180,87630.4,87630.5,87630.4,87630.5,0.058259
1766955240,87630.5,87630.5,87573.1,87573.2,5.878879
1766955300,87573.2,87573.2,87552.4,87552.4,1.442776
1766955360,87552.4,87552.4,87546.6,87546.6,0.480238
1766955420,87546.6,87546.7,87541.5,87541.6,0.260133
1766955480,87541.6,87541.6,87541.5,87541.6,0.054486
1766955540,87541.6,87541.6,87514.0,87514.0,5.01377
1766955600,87514.0,87540.6,87514.0,87528.4,5.736883
1766955660,87528.4,87536.9,87528.3,87536.9,1.024597
1766955720,87536.9,87536.9,87502.6,87502.7,4.270879
1766955780,87502.7,87502.7,87491.8,87496.7,2.407368
1766955840,87496.7,87510.6,87496.6,87497.0,2.964269
1766955900,87497.0,87497.0,87437.8,87493.8,6.103094
1766955960,87493.8,87493.8,87469.3,87491.7,5.403
1766956020,87491.7,87491.8,87465.0,87470.1,3.754361
1766956080,87470.1,87484.7,87453.5,87469.0,5.257926
1766956140,87469.0,87529.8,87468.9,87529.7,4.903113
1766956200,87529.7,87529.8,87515.9,87515.9,2.437236
1766956260,87515.9,87542.5,87497.4,87497.7,6.20712
1766956320,87497.7,87543.4,87497.7,87543.4,3.788379
1766956380,87543.4,87543.4,87533.4,87543.3,3.160226
1766956440,87543.3,87548.9,87543.3,87548.8,1.908944
1766956500,87548.8,87574.9,87548.8,87574.8,1.771817
1766956560,87574.8,87579.6,87574.8,87579.5,0.622251
1766956620,87579.5,87583.5,87579.5,87583.4,1.009527
1766956680,87583.4,87583.5,87549.6,87549.6,3.192548
1766956740,87549.6,87575.0,87542.2,87555.1,4.905934
1766956800,87555.1,87555.2,87539.4,87539.5,0.532967
1766956860,87539.5,87539.5,87529.6,87529.6,0.801345
1766956920,87529.6,87529.7,87502.9,87506.2,2.596167
1766956980,87506.2,87506.2,87506.1,87506.2,0.091581
1766957040,87506.2,87513.5,87506.1,87513.5,1.265593
1766957100,87513.5,87513.5,87500.0,87500.1,1.621158
1766957160,87500.1,87539.5,87500.0,87539.4,3.259425
1766957220,87539.4,87539.5,87526.4,87526.4,1.309194
1766957280,87526.4,87537.3,87526.4,87537.3,1.096151
1766957340,87537.3,87540.0,87537.2,87540.0,0.060403
1766957400,87540.0,87540.0,87530.7,87530.8,2.629453
1766957460,87530.8,87544.1,87530.7,87544.1,2.314215
1766957520,87544.1,87558.0,87544.0,87548.3,1.617378
1766957580,87548.3,87555.4,87548.3,87555.4,0.470991
1766957640,87555.4,87555.4,87555.3,87555.4,0.063993
1766957700,87555.4,87573.4,87555.3,87573.4,3.882661
1766957760,87573.4,87595.3,87573.3,87586.5,3.590314
1766957820,87586.5,87586.5,87586.4,87586.4,0.23368
1766957880,87586.4,87586.5,87586.4,87586.4,0.067423
1766957940,87586.4,87590.9,87583.1,87583.1,3.251576
1766958000,87583.1,87583.2,87569.2,87570.3,0.380419
1766958060,87570.3,87580.1,87570.3,87580.1,1.054036
1766958120,87580.1,87580.1,87580.0,87580.0,0.053391
1766958180,87580.0,87584.4,87580.0,87584.3,1.277583
1766958240,87584.3,87584.4,87584.3,87584.3,0.045454
1766958300,87584.3,87584.4,87584.3,87584.3,1.342574
1766958360,87584.3,87584.4,87584.3,87584.4,0.377762
1766958420,87584.4,87584.4,87579.4,87579.4,3.890254
1766958480,87579.4,87579.5,87579.4,87579.5,0.042349
1766958540,87579.5,87579.5,87579.4,87579.5,0.06627
1766958600,87579.5,87579.5,87579.4,87579.5,0.156378
1766958660,87579.5,87579.5,87579.4,87579.5,0.052729
1766958720,87579.5,87583.1,87576.3,87576.4,3.208725
1766958780,87576.4,87576.4,87564.8,87564.9,1.297873
1766958840,87564.9,87564.9,87564.8,87564.9,0.0817
1766958900,87564.9,87564.9,87564.8,87564.9,0.167937
1766958960,87564.9,87564.9,87564.8,87564.9,0.052438
1766959020,87564.9,87564.9,87564.8,87564.9,0.049231
1766959080,87564.9,87564.9,87564.8,87564.9,0.092439
1766959140,87564.9,87584.1,87564.8,87584.1,2.854717
1766959200,87584.1,87594.4,87584.1,87587.6,1.231116
1766959260,87587.6,87587.6,87576.8,87576.9,2.257327
1766959320,87576.9,87576.9,87563.2,87563.2,14.766532
1766959380,87563.2,87570.9,87563.2,87570.8,1.592982
1766959440,87570.8,87570.9,87570.8,87570.8,0.145396
1766959500,87570.8,87570.8,87562.9,87562.9,1.296489
1766959560,87562.9,87563.0,87562.9,87562.9,0.122937
1766959620,87562.9,87563.0,87562.9,87562.9,1.048501
1766959680,87562.9,87563.0,87562.9,87562.9,0.09419
1766959740,87562.9,87563.0,87562.9,87563.0,0.055656
1766959800,87563.0,87563.0,87562.9,87562.9,0.083637
1766959860,87562.9,87563.0,87562.9,87563.0,0.051932
1766959920,87563.0,87563.0,87542.8,87542.8,2.144577
1766959980,87542.8,87542.9,87478.5,87507.1,17.301882
1766960040,87507.1,87521.9,87507.0,87521.9,1.544045
1766960100,87521.9,87521.9,87521.8,87521.8,0.006302
1766960160,87521.8,87521.9,87521.8,87521.8,0.036218
1766960220,87521.8,87521.9,87518.6,87518.6,0.634353
1766960280,87518.6,87519.8,87518.6,87519.7,0.650482
1766960340,87519.7,87519.8,87519.7,87519.8,0.044824
1766960400,87519.8,87519.8,87519.7,87519.8,0.205488
1766960460,87519.8,87569.2,87519.7,87569.2,4.265762
1766960520,87569.2,87569.2,87565.7,87565.8,1.689233
1766960580,87565.8,87565.8,87565.7,87565.8,0.277863
1766960640,87565.8,87575.8,87565.7,87575.8,0.830776
1766960700,87575.8,87578.3,87549.5,87565.1,6.058368
1766960760,87565.1,87579.0,87556.4,87557.5,8.258327
1766960820,87557.5,87597.0,87549.4,87596.9,4.614715
1766960880,87596.9,87604.8,87596.9,87604.8,0.709492
1766960940,87604.8,87624.5,87604.7,87624.5,1.693243
1766961000,87624.5,87624.5,87609.6,87609.6,2.069826
1766961060,87609.6,87609.7,87586.6,87591.6,2.229675
1766961120,87591.6,87591.7,87591.6,87591.6,0.056017
1766961180,87591.6,87591.7,87591.6,87591.6,0.052763
1766961240,87591.6,87591.7,87591.6,87591.6,0.057686
1766961300,87591.6,87595.2,87591.6,87595.1,0.207537
1766961360,87595.1,87598.6,87595.1,87598.5,0.451651
1766961420,87598.5,87598.6,87598.5,87598.5,1.154896
1766961480,87598.5,87633.7,87598.5,87633.0,8.991657
1766961540,87633.0,87652.0,87633.0,87652.0,4.111524
1766961600,87652.0,87659.1,87652.0,87659.1,0.537135
1766961660,87659.1,87661.3,87649.1,87649.1,3.109859
1766961720,87649.1,87649.1,87637.6,87637.6,0.971505
1766961780,87637.6,87712.4,87637.6,87657.0,8.078991
1766961840,87657.0,87657.0,87642.5,87642.6,2.907097
1766961900,87642.6,87699.5,87642.6,87673.6,5.012833
1766961960,87673.6,87682.8,87673.6,87682.8,1.083743
1766962020,87682.8,87712.4,87682.7,87701.6,2.34527
1766962080,87701.6,87777.7,87687.6,87746.9,11.438758
1766962140,87746.9,87841.7,87746.9,87815.2,8.342382
1766962200,87815.2,87962.6,87815.2,87879.6,11.878818
1766962260,87879.6,87903.9,87873.1,87903.9,8.073455
1766962320,87903.9,87913.2,87875.1,87894.0,4.310891
1766962380,87894.0,87985.0,87894.0,87969.2,6.960433
1766962440,87969.2,87975.8,87934.5,87934.5,4.234809
1766962500,87934.5,87990.7,87934.5,87954.6,7.056516
1766962560,87954.6,87954.6,87907.1,87929.9,2.998185
1766962620,87929.9,87930.0,87907.1,87924.6,2.131998
1766962680,87924.6,87924.6,87911.6,87911.6,0.853295
1766962740,87911.6,87911.7,87881.4,87895.3,3.621283
1766962800,87895.3,88045.5,87885.4,87916.7,31.384879
1766962860,87916.7,87935.8,87791.9,87819.7,14.195892
1766962920,87819.7,87874.1,87806.0,87874.1,10.460108
1766962980,87874.1,87889.1,87808.1,87820.9,12.34667
1766963040,87820.9,87820.9,87788.1,87788.1,4.588841
1766963100,87788.1,87788.2,87759.1,87768.5,6.879189
1766963160,87768.5,87768.5,87720.2,87721.4,10.459398
1766963220,87721.4,87746.1,87702.5,87746.1,6.138054
1766963280,87746.1,87746.1,87726.5,87735.0,4.367926
1766963340,87735.0,87742.4,87717.9,87735.0,5.532391
1766963400,87735.0,87735.0,87715.8,87734.0,3.781155
1766963460,87734.0,87763.3,87717.0,87717.0,7.371316
1766963520,87717.0,87747.3,87698.4,87729.5,4.817508
1766963580,87729.5,87729.5,87696.2,87696.2,0.647875
1766963640,87696.2,87696.2,87696.1,87696.2,0.77907
1766963700,87696.2,87722.4,87696.1,87709.1,3.466466
1766963760,87709.1,87764.5,87709.1,87764.5,1.333559
1766963820,87764.5,87819.6,87764.4,87812.8,8.793135
1766963880,87812.8,87812.8,87789.5,87789.5,3.442302
1766963940,87789.5,87805.2,87789.5,87791.4,3.378159
1766964000,87791.4,87791.4,87770.8,87770.8,0.376
1766964060,87770.8,87770.8,87751.8,87751.9,0.11768
1766964120,87751.9,87792.0,87751.8,87792.0,4.354288
1766964180,87792.0,87792.0,87721.3,87721.3,1.648144
1766964240,87721.3,87754.6,87713.2,87742.5,7.65339
1766964300,87742.5,87742.5,87719.5,87728.3,2.552593
1766964360,87728.3,87729.6,87713.6,87713.7,2.465119
1766964420,87713.7,87713.7,87703.6,87710.0,1.283018
1766964480,87710.0,87727.5,87709.9,87711.0,3.268265
1766964540,87711.0,87724.0,87711.0,87713.0,2.971158
1766964600,87713.0,87713.0,87666.6,87666.6,6.582548
1766964660,87666.6,87693.9,87639.8,87663.4,8.693396
1766964720,87663.4,87711.9,87656.4,87711.9,7.983391
1766964780,87711.9,87723.9,87708.3,87720.9,4.937864
1766964840,87720.9,87759.6,87720.9,87733.5,6.957884
1766964900,87733.5,87772.5,87733.5,87769.0,3.805263
1766964960,87769.0,87772.5,87769.0,87770.7,2.987559
1766965020,87770.7,87787.0,87770.7,87771.3,3.560303
1766965080,87771.3,87776.7,87771.3,87776.6,0.647302
1766965140,87776.6,87787.3,87776.6,87783.3,2.161294
1766965200,87783.3,87787.0,87778.0,87778.0,2.903699
1766965260,87778.0,87783.4,87778.0,87783.4,1.496585
1766965320,87783.4,87803.7,87783.4,87803.6,4.084613
1766965380,87803.6,87808.1,87803.5,87803.6,2.648835
1766965440,87803.6,87818.9,87803.5,87814.1,3.396147
1766965500,87814.1,87814.1,87796.7,87809.4,3.672892
1766965560,87809.4,87841.8,87809.4,87841.7,3.099445
1766965620,87841.7,87852.8,87841.7,87852.7,1.144605
1766965680,87852.7,87860.4,87852.7,87856.8,1.926583
1766965740,87856.8,87880.8,87840.4,87880.8,5.641253
1766965800,87880.8,87915.7,87880.4,87915.7,14.162055
1766965860,87915.7,87950.0,87891.4,87891.5,6.335848
1766965920,87891.5,87911.7,87879.6,87879.7,3.565783
1766965980,87879.7,87893.8,87875.5,87875.6,3.865156
1766966040,87875.6,87891.7,87875.5,87891.7,2.518388
1766966100,87891.7,87919.7,87883.4,87919.7,3.026274
1766966160,87919.7,87919.7,87905.2,87905.2,2.960425
1766966220,87905.2,87905.2,87896.5,87900.0,0.301795
1766966280,87900.0,87919.7,87900.0,87913.1,2.338018
1766966340,87913.1,87956.3,87908.4,87950.9,6.678042
1766966400,87950.9,87974.0,87916.5,87916.5,7.159018
1766966460,87916.5,87916.5,87821.9,87840.0,9.594446
1766966520,87840.0,87856.1,87830.5,87848.7,6.585179
1766966580,87848.7,87868.2,87845.3,87845.3,3.119048
1766966640,87845.3,87860.3,87843.0,87860.3,3.728335
1766966700,87860.3,87889.8,87836.4,87836.4,3.358499
1766966760,87836.4,87868.8,87836.4,87860.8,3.867693
1766966820,87860.8,87945.2,87860.7,87944.3,5.521099
1766966880,87944.3,87964.5,87898.0,87929.7,10.655328
1766966940,87929.7,87931.1,87885.5,87915.1,8.990645
1766967000,87915.1,87924.0,87895.9,87924.0,9.928567
1766967060,87924.0,87929.7,87898.4,87898.4,19.986696
1766967120,87898.4,87898.4,87876.0,87886.0,4.948035
1766967180,87886.0,87917.2,87886.0,87903.2,3.432711
1766967240,87903.2,87903.2,87867.6,87885.8,4.879664
1766967300,87885.8,87891.3,87849.5,87855.0,4.990824
1766967360,87855.0,87875.7,87854.7,87875.7,3.720605
1766967420,87875.7,87897.1,87862.5,87862.6,2.821455
1766967480,87862.6,87868.2,87836.0,87839.2,6.544618
1766967540,87839.2,87849.6,87832.1,87849.5,2.626023
1766967600,87849.5,87859.5,87817.3,87817.4,6.419004
1766967660,87817.4,87839.7,87817.3,87839.7,2.392305
1766967720,87839.7,87886.4,87814.7,87886.4,7.839501
1766967780,87886.4,87946.3,87886.4,87943.1,11.084746
1766967840,87943.1,88042.8,87921.3,87924.0,23.07237
1766967900,87924.0,87992.9,87924.0,87970.6,12.185659
1766967960,87970.6,87971.5,87936.0,87936.0,6.513871
1766968020,87936.0,87949.0,87930.2,87949.0,5.079251
1766968080,87949.0,87971.1,87949.0,87961.2,19.684183
1766968140,87961.2,88023.3,87961.2,88004.9,16.277801
1766968200,88004.9,88097.4,87984.5,88055.0,29.727517
1766968260,88055.0,88262.4,88055.0,88164.1,57.241727
1766968320,88164.1,88268.1,88143.0,88143.0,39.104136
1766968380,88143.0,88191.2,88092.8,88101.6,15.129843
1766968440,88101.6,88174.9,88091.8,88119.2,14.712188
1766968500,88119.2,88326.6,88119.2,88278.8,34.162904
1766968560,88278.8,88299.5,88119.7,88151.9,17.265603
1766968620,88151.9,88225.4,88151.9,88183.1,12.925746
1766968680,88183.1,88183.1,88122.4,88163.4,3.626506
1766968740,88163.4,88210.7,88163.2,88184.1,7.074074
1766968800,88184.1,88229.2,88184.1,88206.4,9.200078
1766968860,88206.4,88219.9,88185.9,88211.2,13.079469
1766968920,88211.2,88211.2,88180.7,88187.4,3.348597
1766968980,88187.4,88236.6,88176.3,88206.6,19.391884
1766969040,88206.6,88206.6,88154.3,88177.3,10.359754
1766969100,88177.3,88236.5,88145.4,88162.7,16.16097
1766969160,88162.7,88168.8,88141.0,88153.4,8.383399
1766969220,88153.4,88282.6,88142.0,88282.6,22.61093
1766969280,88282.6,88326.0,88280.0,88298.4,17.806519
1766969340,88298.4,88358.2,88286.5,88350.0,7.541997
1766969400,88350.0,88437.7,88252.3,88252.3,48.20271
1766969460,88252.3,88254.6,88189.8,88230.4,9.396888
1766969520,88230.4,88287.5,88219.4,88258.1,9.247832
1766969580,88258.1,88293.5,88256.6,88259.8,5.306727
1766969640,88259.8,88286.1,88259.8,88284.8,4.107951
1766969700,88284.8,88308.2,88282.3,88282.3,5.293445
1766969760,88282.3,88282.3,88232.0,88269.4,7.991885
1766969820,88269.4,88289.0,88269.4,88287.4,5.58748
1766969880,88287.4,88319.5,88287.3,88319.4,1.678881
1766969940,88319.4,88319.5,88303.5,88303.5,3.486744
1766970000,88303.5,88318.2,88286.4,88293.0,7.533329
1766970060,88293.0,88293.0,88176.4,88176.4,9.449971
1766970120,88176.4,88197.3,88102.7,88123.8,18.226151
1766970180,88123.8,88132.6,88086.0,88110.9,8.147946
1766970240,88110.9,88130.5,88071.0,88071.0,8.898861
1766970300,88071.0,88089.4,88048.1,88071.7,15.862228
1766970360,88071.7,88071.7,88038.0,88053.7,6.760633
1766970420,88053.7,88070.9,88053.4,88053.4,4.469709
1766970480,88053.4,88074.9,88045.7,88074.9,5.457462
1766970540,88074.9,88106.4,88074.9,88079.3,5.044289
1766970600,88079.3,88095.8,88077.0,88080.2,5.172876
1766970660,88080.2,88089.2,88076.3,88076.3,6.272536
1766970720,88076.3,88086.1,88074.9,88085.9,4.537408
1766970780,88085.9,88086.0,88063.8,88063.9,2.60352
1766970840,88063.9,88063.9,88063.8,88063.9,1.265185
1766970900,88063.9,88066.2,87951.6,87959.4,14.744612
1766970960,87959.4,87982.3,87866.3,87929.6,21.363886
1766971020,87929.6,87959.6,87917.2,87938.3,10.87391
1766971080,87938.3,88033.5,87938.3,88001.5,8.329771
1766971140,88001.5,88043.6,88001.5,88043.5,3.163894
1766971200,88043.5,88043.6,88005.3,88014.5,8.277767
1766971260,88014.5,88014.5,87981.8,87985.6,4.92109
1766971320,87985.6,87985.6,87980.7,87985.5,1.796586
1766971380,87985.5,88008.8,87985.5,88008.8,1.355103
1766971440,88008.8,88008.9,88001.6,88001.6,3.025386
1766971500,88001.6,88001.6,87969.8,87992.9,4.918509
1766971560,87992.9,88059.6,87992.9,88059.6,1.208291
1766971620,88059.6,88059.9,88034.8,88049.0,4.617361
1766971680,88049.0,88058.9,88033.8,88033.8,4.087579
1766971740,88033.8,88033.8,87987.0,88002.2,3.121866
1766971800,88002.2,88012.2,87982.8,87993.1,4.235356
1766971860,87993.1,87993.5,87952.0,87952.0,1.907275
1766971920,87952.0,88035.1,87952.0,88035.1,4.520038
1766971980,88035.1,88051.5,88034.9,88034.9,3.6383
1766972040,88034.9,88059.3,88033.9,88059.2,5.778673
1766972100,88059.2,88099.2,88032.9,88041.1,9.691669
1766972160,88041.1,88092.9,88041.1,88092.9,0.685268
1766972220,88092.9,88104.4,88086.6,88104.4,5.820087
1766972280,88104.4,88194.4,88104.4,88147.7,14.545087
1766972340,88147.7,88265.5,88147.7,88238.2,25.662577
1766972400,88238.2,88425.0,88233.9,88384.5,40.301123
1766972460,88384.5,88482.1,88384.5,88442.3,38.761321
1766972520,88442.3,88463.6,88327.9,88327.9,12.987759
1766972580,88327.9,88340.9,88320.0,88335.7,9.43719
1766972640,88335.7,88353.1,88279.2,88311.0,12.507824
1766972700,88311.0,88395.4,88311.0,88347.7,13.328917
1766972760,88347.7,88381.8,88326.1,88334.3,6.797123
1766972820,88334.3,88428.1,88334.3,88414.7,11.930222
1766972880,88414.7,88449.0,88368.2,88436.1,15.611179
1766972940,88436.1,88444.9,88397.8,88397.8,18.864822
1766973000,88397.8,88426.0,88395.9,88398.6,18.610098
1766973060,88398.6,88420.1,88387.0,88412.9,6.936326
1766973120,88412.9,88412.9,88369.0,88369.1,4.517494
1766973180,88369.1,88369.3,88319.0,88327.6,10.050952
1766973240,88327.6,88389.6,88327.6,88381.8,8.386584
1766973300,88381.8,88419.5,88381.8,88399.1,15.678949
1766973360,88399.1,88511.1,88399.1,88443.4,23.840715
1766973420,88443.4,88445.3,88387.3,88387.3,8.458735
1766973480,88387.3,88417.7,88379.7,88417.7,4.991842
1766973540,88417.7,88445.3,88417.7,88441.5,2.665024
1766973600,88441.5,88747.3,88441.5,88740.4,62.579308
1766973660,88740.4,88811.5,88738.5,88762.8,25.089538
1766973720,88762.8,88806.1,88706.5,88806.1,23.35593
1766973780,88806.1,88911.2,88706.1,88790.1,19.111358
1766973840,88790.1,88873.3,88766.1,88863.1,23.834975
1766973900,88863.1,88985.4,88863.1,88966.6,41.609307
1766973960,88966.6,89178.8,88966.6,89151.4,63.42745
1766974020,89151.4,89237.1,89135.7,89195.0,41.46291
1766974080,89195.0,89212.5,89077.0,89109.5,34.198879
1766974140,89109.5,89199.0,89027.5,89038.1,24.969599
1766974200,89038.1,89230.8,89028.2,89223.9,31.768382
1766974260,89223.9,89280.9,89147.5,89181.7,17.179354
1766974320,89181.7,89269.6,89140.6,89255.3,24.007324
1766974380,89255.3,89289.0,89195.1,89203.7,11.066644
1766974440,89203.7,89292.9,89170.9,89266.2,25.286347
1766974500,89266.2,89377.9,89263.9,89327.3,38.743752
1766974560,89327.3,89350.7,89272.9,89306.1,20.095718
1766974620,89306.1,89325.8,89113.7,89127.7,20.114266
1766974680,89127.7,89148.2,88959.9,89013.7,29.259987
1766974740,89013.7,89046.2,89010.9,89028.2,16.189118
1766974800,89028.2,89099.4,89018.7,89030.3,18.023369
1766974860,89030.3,89030.3,88962.0,88983.5,20.413367
1766974920,88983.5,89028.5,88945.6,88992.4,11.310309
1766974980,88992.4,88992.5,88905.9,88932.1,7.209641
1766975040,88932.1,88943.6,88894.5,88922.9,8.690312
1766975100,88922.9,88989.3,88922.9,88974.3,13.727398
1766975160,88974.3,89022.7,88966.1,89022.6,9.271471
1766975220,89022.6,89031.5,88999.9,89025.8,9.076937
1766975280,89025.8,89041.6,89023.2,89037.7,5.93133
1766975340,89037.7,89190.6,89012.5,89142.8,12.251241
1766975400,89142.8,89260.0,89142.8,89226.9,17.659272
1766975460,89226.9,89257.9,89179.4,89179.4,11.692163
1766975520,89179.4,89182.3,89087.2,89131.5,7.360273
1766975580,89131.5,89169.6,89047.0,89047.0,10.964679
1766975640,89047.0,89124.2,89047.0,89096.7,8.809611
1766975700,89096.7,89199.6,89096.7,89199.6,11.614215
1766975760,89199.6,89223.2,89034.7,89063.8,14.64
1766975820,89063.8,89089.6,89050.0,89050.0,7.399584
1766975880,89050.0,89119.6,89044.8,89091.3,7.106587
1766975940,89091.3,89104.7,89007.0,89007.1,16.116891
1766976000,89007.1,89124.7,89000.0,89124.7,6.676415
1766976060,89124.7,89136.1,89099.0,89109.4,4.796342
1766976120,89109.4,89109.4,89066.6,89105.9,5.955169
1766976180,89105.9,89106.0,89065.6,89073.5,7.346193
1766976240,89073.5,89109.4,89065.2,89100.9,5.477243
1766976300,89100.9,89120.8,89079.7,89110.7,8.952674
1766976360,89110.7,89117.0,89089.3,89109.0,12.967313
1766976420,89109.0,89211.4,89109.0,89190.1,9.13802
1766976480,89190.1,89190.1,89149.7,89188.4,8.722748
1766976540,89188.4,89230.7,89168.1,89216.8,13.423118
1766976600,89216.8,89305.7,89216.8,89291.4,14.029027
1766976660,89291.4,89303.2,89273.0,89303.2,6.79819
1766976720,89303.2,89303.2,89275.7,89293.0,10.842568
1766976780,89293.0,89293.1,89241.9,89259.6,5.943012
1766976840,89259.6,89268.6,89244.8,89244.8,5.374248
1766976900,89244.8,89258.4,89241.3,89251.8,5.115106
1766976960,89251.8,89296.2,89251.8,89271.9,6.184159
1766977020,89271.9,89280.9,89166.3,89183.9,10.749437
1766977080,89183.9,89206.5,89183.8,89184.4,2.623905
1766977140,89184.4,89184.5,89162.8,89162.9,4.395102
1766977200,89162.9,89205.8,89162.8,89204.0,11.227268
1766977260,89204.0,89215.2,89192.2,89209.0,5.944852
1766977320,89209.0,89209.0,89185.5,89185.5,5.937352
1766977380,89185.5,89185.5,89082.6,89122.1,17.134175
1766977440,89122.1,89132.7,89097.6,89125.5,4.607776
1766977500,89125.5,89167.0,89125.5,89156.3,9.940276
1766977560,89156.3,89229.5,89156.3,89229.5,7.261077
1766977620,89229.5,89256.3,89211.3,89219.8,9.383988
1766977680,89219.8,89269.9,89219.8,89260.7,7.211119
1766977740,89260.7,89288.5,89260.7,89274.6,6.717069
1766977800,89274.6,89350.0,89274.6,89349.9,9.709825
1766977860,89349.9,89454.5,89342.6,89420.2,41.682696
1766977920,89420.2,89443.4,89334.9,89381.8,24.908071
1766977980,89381.8,89500.1,89381.8,89475.6,90.531568
1766978040,89475.6,89525.6,89475.5,89493.9,21.663277
1766978100,89493.9,89519.4,89450.1,89450.1,29.460582
1766978160,89450.1,89468.0,89450.1,89456.8,8.367672
1766978220,89456.8,89496.2,89453.1,89490.4,15.927641
1766978280,89490.4,89518.8,89490.4,89495.7,11.94185
1766978340,89495.7,89506.9,89453.2,89486.6,11.15097
1766978400,89486.6,89499.6,89486.6,89497.7,5.208723
1766978460,89497.7,89497.7,89423.3,89429.4,44.130186
1766978520,89429.4,89430.3,89405.9,89416.6,12.730201
1766978580,89416.6,89449.6,89416.6,89449.5,5.707946
1766978640,89449.5,89468.1,89369.8,89387.0,13.724533
1766978700,89387.0,89483.2,89387.0,89441.2,9.85048
1766978760,89441.2,89491.9,89441.2,89483.7,5.766947
1766978820,89483.7,89518.9,89430.8,89513.2,20.258452
1766978880,89513.2,89529.9,89474.2,89481.7,8.783291
1766978940,89481.7,89514.6,89474.1,89485.3,5.779339
1766979000,89485.3,89534.6,89484.4,89514.0,10.702531
1766979060,89514.0,89529.7,89511.2,89524.0,10.088907
1766979120,89524.0,89643.0,89523.9,89598.7,33.703349
1766979180,89598.7,89732.8,89598.7,89727.0,32.335772
1766979240,89727.0,89777.0,89599.1,89599.2,32.296488
1766979300,89599.2,89777.0,89599.2,89762.2,30.280829
1766979360,89762.2,89800.0,89657.6,89709.6,26.378186
1766979420,89709.6,89758.6,89694.1,89758.6,11.27572
1766979480,89758.6,89903.3,89732.1,89883.6,35.573532
1766979540,89883.6,89935.5,89859.1,89927.3,30.17314
1766979600,89927.3,90017.6,89845.4,89940.3,112.580523
1766979660,89940.3,89998.3,89869.4,89904.9,47.402408
1766979720,89904.9,89919.5,89848.8,89919.5,18.838722
1766979780,89919.5,89960.0,89915.8,89947.5,51.820415
1766979840,89947.5,90017.4,89947.5,90005.4,18.802872
1766979900,90005.4,90038.3,89989.2,90002.9,19.979927
1766979960,90002.9,90044.5,89978.4,90031.4,17.858637
1766980020,90031.4,90035.7,89852.6,89890.8,27.63657
1766980080,89890.8,89928.3,89890.8,89928.2,9.303716
1766980140,89928.2,89950.7,89898.1,89920.7,11.175598
1766980200,89920.7,90064.6,89920.7,90059.9,25.342489
1766980260,90059.9,90100.5,89985.4,90033.6,40.374324
1766980320,90033.6,90095.1,90033.6,90084.9,9.800728
1766980380,90084.9,90108.8,90056.2,90085.6,14.314173
1766980440,90085.6,90086.3,89998.5,90038.2,15.650595
1766980500,90038.2,90107.2,90038.2,90070.8,14.530892
1766980560,90070.8,90093.6,90066.9,90093.6,15.517239
1766980620,90093.6,90098.8,90068.9,90098.7,8.043325
1766980680,90098.7,90210.6,90098.7,90200.0,241.216154
1766980740,90200.0,90200.1,90150.0,90161.7,119.448042
1766980800,90161.7,90203.7,90150.0,90150.0,66.856311
1766980860,90150.0,90167.1,90082.4,90118.3,50.614511
1766980920,90118.3,90148.6,90070.9,90112.7,42.343918
1766980980,90112.7,90129.6,89982.0,90025.9,21.465023
1766981040,90025.9,90039.5,90015.9,90039.5,9.661733
1766981100,90039.5,90148.1,90039.5,90117.4,10.844618
1766981160,90117.4,90117.4,90042.0,90058.3,17.216567
1766981220,90058.3,90084.3,90021.6,90074.3,15.634334
1766981280,90074.3,90105.2,90064.2,90085.6,15.720568
1766981340,90085.6,90087.3,90070.6,90081.1,9.09243
1766981400,90081.1,90124.4,90034.3,90066.0,29.685418
1766981460,90066.0,90075.5,90020.8,90024.7,13.203303
1766981520,90024.7,90055.5,90000.0,90055.4,13.65385
1766981580,90055.4,90072.2,90039.6,90044.2,10.434493
1766981640,90044.2,90076.7,90023.7,90073.5,17.271186
1766981700,90073.5,90131.2,90069.3,90131.1,18.85035
1766981760,90131.1,90180.9,90131.1,90138.8,15.997315
1766981820,90138.8,90197.1,90136.6,90174.9,14.107614
1766981880,90174.9,90174.9,90133.3,90142.2,8.692352
1766981940,90142.2,90166.4,90142.1,90157.3,11.677657
1766982000,90157.3,90221.9,90157.3,90221.8,18.84263
1766982060,90221.8,90226.2,90115.3,90150.7,16.357285
1766982120,90150.7,90159.9,90113.4,90113.4,11.940669
1766982180,90113.4,90113.4,90024.8,90040.9,11.153472
1766982240,90040.9,90064.6,89999.5,90017.7,15.153921
1766982300,90017.7,90056.5,90017.7,90051.5,6.115999
1766982360,90051.5,90056.5,90033.2,90039.6,7.365545
1766982420,90039.6,90048.4,90018.1,90034.7,7.366365
1766982480,90034.7,90043.2,90005.9,90036.5,9.765017
1766982540,90036.5,90099.1,90036.5,90096.6,11.023485
1766982600,90096.6,90149.2,90093.8,90106.5,13.452887
1766982660,90106.5,90114.1,90064.5,90114.1,8.774215
1766982720,90114.1,90114.1,90100.0,90100.0,4.081679
1766982780,90100.0,90156.4,90067.0,90156.3,20.665947
1766982840,90156.3,90194.3,90156.3,90194.2,9.059579
1766982900,90194.2,90274.8,90189.6,90274.7,22.340769
1766982960,90274.7,90315.1,90274.7,90315.0,16.972665
1766983020,90315.0,90460.8,90312.3,90354.3,42.435964
1766983080,90354.3,90418.0,90352.5,90359.5,20.5519
1766983140,90359.5,90376.1,90305.4,90320.3,9.064031
1766983200,90320.3,90372.7,90311.0,90315.2,11.585924
1766983260,90315.2,90317.5,90240.2,90242.6,10.758812
1766983320,90242.6,90277.0,90242.6,90269.9,4.891539
1766983380,90269.9,90270.0,90238.4,90247.4,6.236854
1766983440,90247.4,90247.5,90212.1,90228.8,9.037448
1766983500,90228.8,90301.5,90217.0,90273.6,16.56464
1766983560,90273.6,90283.5,90267.9,90267.9,4.251193
1766983620,90267.9,90303.7,90248.0,90276.4,12.766688
1766983680,90276.4,90295.3,90276.3,90279.2,4.189437
1766983740,90279.2,90295.3,90217.0,90229.8,7.953152
1766983800,90229.8,90305.2,90229.8,90305.1,10.473373
1766983860,90305.1,90305.1,90193.8,90193.8,7.52209
1766983920,90193.8,90217.9,90163.1,90182.4,15.333268
1766983980,90182.4,90212.5,90180.9,90200.1,9.002983
1766984040,90200.1,90200.1,90190.7,90190.8,0.900409
1766984100,90190.8,90247.7,90190.7,90232.0,8.100878
1766984160,90232.0,90232.1,90192.3,90192.4,6.491298
1766984220,90192.4,90192.4,90172.7,90172.7,7.959885
1766984280,90172.7,90195.3,90169.7,90193.1,12.766785
1766984340,90193.1,90193.1,90147.8,90147.8,11.311211
1766984400,90147.8,90158.0,90147.8,90151.1,7.665372
1766984460,90151.1,90151.1,90145.1,90149.6,5.797567
1766984520,90149.6,90149.7,90100.2,90103.6,11.901748
1766984580,90103.6,90137.8,90103.6,90109.8,17.914312
1766984640,90109.8,90147.3,90105.4,90109.5,14.627896
1766984700,90109.5,90186.3,90106.5,90186.3,14.075001
1766984760,90186.3,90202.9,90169.9,90185.0,11.819768
1766984820,90185.0,90222.8,90178.2,90178.2,15.238843
1766984880,90178.2,90296.3,90178.2,90296.3,15.360054
1766984940,90296.3,90296.3,90140.2,90166.7,29.24484
1766985000,90166.7,90215.2,90156.3,90209.1,8.328513
1766985060,90209.1,90249.5,90207.2,90245.5,8.754348
1766985120,90245.5,90245.6,90198.1,90236.4,8.917268
1766985180,90236.4,90242.4,90210.0,90210.1,17.695729
1766985240,90210.1,90235.1,90210.1,90217.1,5.986564
1766985300,90217.1,90223.5,90172.8,90192.9,16.895675
1766985360,90192.9,90223.0,90180.0,90217.2,18.349627
1766985420,90217.2,90223.8,90172.7,90182.1,10.973192
1766985480,90182.1,90182.2,90090.5,90090.5,14.667321
1766985540,90090.5,90113.0,90090.5,90100.1,15.375794
1766985600,90100.1,90157.7,90100.1,90145.0,7.63296
1766985660,90145.0,90145.0,90121.0,90121.1,2.46062
1766985720,90121.1,90150.6,90121.0,90130.7,5.176994
1766985780,90130.7,90130.7,90115.6,90115.6,2.15495
1766985840,90115.6,90120.0,90108.6,90108.6,5.570166
1766985900,90108.6,90108.6,90083.9,90108.5,8.724661
1766985960,90108.5,90108.6,90088.2,90088.2,4.299613
1766986020,90088.2,90113.0,90088.2,90112.9,6.970728
1766986080,90112.9,90113.0,90088.0,90103.7,7.840522
1766986140,90103.7,90103.8,90077.6,90077.6,1.885028
1766986200,90077.6,90077.6,90070.5,90070.6,2.546235
1766986260,90070.6,90080.5,90059.1,90080.5,6.352281
1766986320,90080.5,90080.5,90064.8,90070.3,6.176207
1766986380,90070.3,90070.3,90061.8,90069.0,5.91612
1766986440,90069.0,90078.1,90024.2,90068.7,21.588224
1766986500,90068.7,90129.3,90068.7,90106.9,10.999027
1766986560,90106.9,90174.1,90106.9,90156.4,10.846079
1766986620,90156.4,90196.8,90156.4,90162.1,13.830068
1766986680,90162.1,90167.9,90129.3,90129.4,2.458581
1766986740,90129.4,90129.4,90098.2,90098.2,2.569685
1766986800,90098.2,90137.9,90091.7,90117.9,19.539382
1766986860,90117.9,90127.8,90116.6,90127.8,6.491374
1766986920,90127.8,90140.1,90107.0,90125.3,9.094997
1766986980,90125.3,90143.4,90120.3,90137.5,5.374431
1766987040,90137.5,90137.5,90120.9,90121.0,1.779219
1766987100,90121.0,90130.4,90120.9,90130.4,3.972701
1766987160,90130.4,90130.4,90080.6,90080.7,4.099302
1766987220,90080.7,90090.4,90080.6,90080.8,3.858954
1766987280,90080.8,90080.9,90050.5,90050.5,4.563911
1766987340,90050.5,90077.7,90050.5,90074.3,7.739052
1766987400,90074.3,90074.3,90046.4,90046.4,5.169204
1766987460,90046.4,90046.5,89995.6,90001.2,10.718603
1766987520,90001.2,90001.2,89959.7,89972.4,13.460947
1766987580,89972.4,89980.8,89972.3,89980.7,1.195023
1766987640,89980.7,89980.8,89933.8,89965.3,14.04851
1766987700,89965.3,90019.5,89965.3,90019.5,7.642759
1766987760,90019.5,90019.5,90013.2,90013.2,3.709036
1766987820,90013.2,90036.3,90007.0,90007.0,13.151099
1766987880,90007.0,90025.1,90007.0,90017.4,5.27783
1766987940,90017.4,90017.4,89979.6,89979.6,2.186514
1766988000,89979.6,90013.3,89977.2,90006.4,9.928931
1766988060,90006.4,90006.4,89900.1,89938.1,20.631817
1766988120,89938.1,89949.5,89928.5,89931.3,8.590073
1766988180,89931.3,89945.0,89928.5,89944.9,5.147133
1766988240,89944.9,89945.0,89887.1,89901.7,10.39583
1766988300,89901.7,89945.0,89901.7,89944.9,2.437042
1766988360,89944.9,89975.1,89944.9,89975.1,5.176933
1766988420,89975.1,90000.0,89974.3,90000.0,8.966411
1766988480,90000.0,90000.0,89953.1,89953.2,8.941855
1766988540,89953.2,89957.0,89942.2,89956.9,6.325029
1766988600,89956.9,89993.7,89956.9,89993.7,6.429845
1766988660,89993.7,90018.8,89993.7,90015.2,6.53913
1766988720,90015.2,90015.2,90002.2,90002.2,7.798434
1766988780,90002.2,90042.5,90002.2,90042.5,9.784335
1766988840,90042.5,90042.5,90008.9,90008.9,7.03231
1766988900,90008.9,90050.0,90000.0,90050.0,7.114683
1766988960,90050.0,90129.4,90049.9,90091.1,14.462797
1766989020,90091.1,90127.5,90091.1,90113.3,13.32079
1766989080,90113.3,90113.4,90102.4,90102.4,6.991998
1766989140,90102.4,90120.0,90102.4,90120.0,9.678678
1766989200,90120.0,90120.0,90106.6,90106.7,7.534269
1766989260,90106.7,90106.7,90088.9,90089.0,4.447998
1766989320,90089.0,90114.8,90085.3,90085.3,8.213668
1766989380,90085.3,90085.4,90052.0,90052.0,9.612251
1766989440,90052.0,90072.4,90051.7,90063.9,8.674172
1766989500,90063.9,90067.0,90048.5,90061.2,8.129896
1766989560,90061.2,90066.3,90014.8,90014.8,11.914356
1766989620,90014.8,90015.8,89995.7,90001.8,9.043316
1766989680,90001.8,90001.8,89991.8,89991.8,6.677771
1766989740,89991.8,89991.9,89955.8,89966.3,11.827425
1766989800,89966.3,89995.6,89966.2,89966.3,9.452553
1766989860,89966.3,89976.7,89954.8,89976.6,7.720292
1766989920,89976.6,90000.0,89971.1,89999.9,10.340226
1766989980,89999.9,89999.9,89899.0,89921.6,9.944895
1766990040,89921.6,89937.2,89899.5,89921.5,10.540295
1766990100,89921.5,89967.5,89914.0,89958.4,12.945454
1766990160,89958.4,89970.5,89931.1,89953.9,14.868908
1766990220,89953.9,89954.0,89929.1,89940.6,9.897789
1766990280,89940.6,89943.9,89926.0,89926.0,7.628384
1766990340,89926.0,89935.4,89926.0,89930.5,7.154389
1766990400,89930.5,89969.0,89930.5,89941.8,13.359477
1766990460,89941.8,89944.6,89927.2,89932.5,10.962071
1766990520,89932.5,89933.9,89927.1,89933.8,4.283964
1766990580,89933.8,89933.9,89929.4,89929.4,2.62766
1766990640,89929.4,89929.5,89911.5,89911.5,5.194421
1766990700,89911.5,89911.5,89882.3,89882.3,4.270816
1766990760,89882.3,89882.3,89868.7,89868.7,0.521614
1766990820,89868.7,89868.7,89822.2,89835.3,11.130113
1766990880,89835.3,89852.5,89791.2,89852.5,11.325828
1766990940,89852.5,89868.8,89838.8,89847.4,9.784299
1766991000,89847.4,89886.5,89847.4,89849.0,9.894882
1766991060,89849.0,89849.0,89811.9,89819.9,2.510851
1766991120,89819.9,89848.4,89819.4,89848.4,6.224618
1766991180,89848.4,89859.6,89840.1,89841.2,6.83422
1766991240,89841.2,89841.2,89781.2,89784.0,3.283146
1766991300,89784.0,89791.7,89755.4,89755.5,9.037784
1766991360,89755.5,89813.3,89755.4,89795.5,9.010273
1766991420,89795.5,89795.5,89750.6,89750.6,2.303791
1766991480,89750.6,89776.4,89750.6,89776.2,3.456061
1766991540,89776.2,89780.0,89771.9,89771.9,3.796899
1766991600,89771.9,89806.4,89750.1,89805.6,17.250614
1766991660,89805.6,89833.7,89793.1,89793.1,10.317557
1766991720,89793.1,89850.9,89783.7,89842.8,7.939132
1766991780,89842.8,89842.8,89688.5,89700.0,17.714254
1766991840,89700.0,89725.2,89696.1,89696.2,3.377058
1766991900,89696.2,89733.9,89696.1,89733.8,5.419995
1766991960,89733.8,89733.9,89680.8,89693.0,6.784183
1766992020,89693.0,89714.5,89672.0,89714.5,10.492002
1766992080,89714.5,89720.5,89527.6,89581.0,39.928054
1766992140,89581.0,89629.5,89530.2,89622.0,10.899622
1766992200,89622.0,89721.6,89613.3,89701.0,16.646309
1766992260,89701.0,89701.1,89646.5,89698.8,10.141031
1766992320,89698.8,89698.8,89646.3,89665.4,6.931928
1766992380,89665.4,89665.4,89628.1,89628.2,7.459237
1766992440,89628.2,89658.1,89628.1,89649.5,6.725806
1766992500,89649.5,89678.9,89649.5,89678.9,6.589877
1766992560,89678.9,89702.4,89645.6,89659.0,10.666771
1766992620,89659.0,89663.2,89635.7,89663.2,6.00619
1766992680,89663.2,89663.2,89607.8,89613.8,6.117693
1766992740,89613.8,89657.8,89586.0,89586.0,9.462745
1766992800,89586.0,89609.4,89573.3,89580.6,8.073537
1766992860,89580.6,89580.6,89533.6,89535.0,13.037579
1766992920,89535.0,89592.7,89535.0,89563.5,8.305764
1766992980,89563.5,89567.2,89538.6,89543.0,6.967359
1766993040,89543.0,89557.8,89530.4,89551.1,6.281286
1766993100,89551.1,89581.2,89542.9,89581.1,7.854033
1766993160,89581.1,89581.2,89531.2,89537.0,8.056531
1766993220,89537.0,89577.1,89537.0,89569.5,8.873562
1766993280,89569.5,89572.6,89532.7,89532.7,6.526456
1766993340,89532.7,89539.1,89528.3,89529.5,4.221942
1766993400,89529.5,89550.0,89505.9,89534.1,11.884523
1766993460,89534.1,89629.2,89534.1,89629.2,12.156465
1766993520,89629.2,89629.2,89577.6,89606.5,10.100051
1766993580,89606.5,89647.3,89606.5,89631.4,12.383975
1766993640,89631.4,89661.8,89602.1,89614.4,8.866835
1766993700,89614.4,89657.3,89614.3,89657.3,7.822437
1766993760,89657.3,89679.6,89657.2,89677.2,5.495376
1766993820,89677.2,89679.6,89667.3,89667.4,6.876214
1766993880,89667.4,89676.9,89652.0,89669.4,9.364785
1766993940,89669.4,89673.6,89657.0,89673.6,6.426393
1766994000,89673.6,89673.6,89631.3,89634.8,10.234608
1766994060,89634.8,89658.0,89621.9,89621.9,10.093248
1766994120,89621.9,89622.0,89591.1,89591.1,7.677896
1766994180,89591.1,89600.0,89590.7,89590.7,9.537584
1766994240,89590.7,89590.8,89567.3,89571.0,8.49567
1766994300,89571.0,89574.1,89567.2,89573.5,5.722983
1766994360,89573.5,89573.5,89549.5,89549.5,11.221424
1766994420,89549.5,89607.9,89549.5,89607.9,7.706472
1766994480,89607.9,89647.3,89607.9,89630.1,14.606877
1766994540,89630.1,89649.6,89622.4,89649.5,7.195174
1766994600,89649.5,89652.9,89649.5,89652.8,3.163199
1766994660,89652.8,89652.9,89606.4,89615.6,9.172272
1766994720,89615.6,89634.6,89615.5,89620.0,5.719774
1766994780,89620.0,89651.7,89607.0,89651.7,10.492825
1766994840,89651.7,89651.7,89651.6,89651.6,2.564068
1766994900,89651.6,89651.7,89651.6,89651.6,1.947896
1766994960,89651.6,89651.7,89651.6,89651.6,1.773089
1766995020,89651.6,89651.7,89625.5,89638.5,9.187617
1766995080,89638.5,89638.6,89580.9,89581.0,7.310016
1766995140,89581.0,89614.5,89580.9,89614.5,6.497597
1766995200,89614.5,89647.9,89614.5,89640.0,9.904043
1766995260,89640.0,89650.0,89623.3,89638.8,11.536845
1766995320,89638.8,89638.8,89587.2,89622.4,13.798977
1766995380,89622.4,89627.5,89570.1,89570.1,8.147517
1766995440,89570.1,89570.1,89471.0,89493.5,15.806151
1766995500,89493.5,89537.5,89493.5,89518.9,16.909131
1766995560,89518.9,89531.0,89518.9,89531.0,5.884194
1766995620,89531.0,89546.5,89517.5,89518.3,6.446283
1766995680,89518.3,89528.4,89518.3,89528.3,2.369128
1766995740,89528.3,89549.3,89518.3,89518.3,6.047246
1766995800,89518.3,89585.0,89518.3,89584.9,14.351988
1766995860,89584.9,89599.8,89584.9,89599.8,1.694747
1766995920,89599.8,89619.5,89599.7,89610.7,5.205248
1766995980,89610.7,89625.7,89610.7,89625.6,0.662272
1766996040,89625.6,89660.4,89613.2,89660.3,7.64163
1766996100,89660.3,89691.9,89643.6,89660.6,8.194198
1766996160,89660.6,89698.0,89660.6,89683.7,10.516314
1766996220,89683.7,89712.2,89681.3,89707.2,8.425249
1766996280,89707.2,89713.6,89688.6,89713.5,13.89119
1766996340,89713.5,89729.6,89713.5,89721.4,8.416699
1766996400,89721.4,89729.4,89717.3,89717.3,1.850745
1766996460,89717.3,89759.9,89717.3,89759.6,5.999485
1766996520,89759.6,89782.5,89759.5,89773.9,9.871401
1766996580,89773.9,89807.3,89773.9,89806.2,7.529904
1766996640,89806.2,89832.3,89783.2,89783.2,11.822229
1766996700,89783.2,89814.9,89783.2,89786.1,6.885507
1766996760,89786.1,89800.0,89782.0,89798.7,6.205807
1766996820,89798.7,89801.9,89783.0,89783.1,3.095457
1766996880,89783.1,89786.3,89783.0,89786.3,2.43182
1766996940,89786.3,89786.3,89785.1,89785.1,1.826435
1766997000,89785.1,89785.2,89770.2,89779.3,7.738522
1766997060,89779.3,89797.1,89779.2,89797.1,12.531051
1766997120,89797.1,89798.9,89770.9,89771.0,3.603943
1766997180,89771.0,89793.6,89678.4,89700.4,16.054328
1766997240,89700.4,89768.5,89690.7,89761.7,8.006061
1766997300,89761.7,89761.7,89725.1,89726.3,6.798666
1766997360,89726.3,89740.1,89719.7,89719.7,2.71389
1766997420,89719.7,89719.7,89679.2,89679.2,6.888921
1766997480,89679.2,89692.4,89664.8,89666.6,4.257561
1766997540,89666.6,89666.6,89624.0,89633.0,5.714758
1766997600,89633.0,89648.4,89633.0,89643.9,5.500464
1766997660,89643.9,89682.9,89643.9,89682.9,2.665309
1766997720,89682.9,89700.0,89682.8,89700.0,1.914025
1766997780,89700.0,89704.0,89692.7,89695.8,4.314026
1766997840,89695.8,89709.4,89695.8,89709.4,0.987329
1766997900,89709.4,89709.4,89688.0,89688.1,7.405212
1766997960,89688.1,89688.1,89661.5,89671.5,6.704274
1766998020,89671.5,89674.9,89661.5,89674.9,7.042264
1766998080,89674.9,89701.8,89674.8,89701.8,7.053769
1766998140,89701.8,89787.8,89674.3,89780.5,26.256982
1766998200,89780.5,89780.6,89712.1,89712.1,8.452022
1766998260,89712.1,89713.9,89646.1,89646.1,16.380093
1766998320,89646.1,89646.1,89589.5,89596.8,13.634306
1766998380,89596.8,89596.8,89520.9,89533.4,11.73321
1766998440,89533.4,89535.6,89466.3,89472.9,12.63354
1766998500,89472.9,89532.6,89472.8,89527.8,9.239743
1766998560,89527.8,89554.0,89527.8,89554.0,7.866233
1766998620,89554.0,89554.0,89536.0,89551.3,4.556398
1766998680,89551.3,89562.1,89543.7,89561.0,7.307706
1766998740,89561.0,89561.1,89546.2,89549.8,3.228297
1766998800,89549.8,89567.7,89549.7,89553.5,3.486084
1766998860,89553.5,89561.1,89536.2,89545.1,5.759311
1766998920,89545.1,89545.1,89485.0,89511.4,9.184125
1766998980,89511.4,89615.2,89511.4,89559.0,10.740855
1766999040,89559.0,89579.6,89543.3,89578.3,5.810883
1766999100,89578.3,89600.0,89569.6,89600.0,5.199601
1766999160,89600.0,89600.0,89524.1,89531.7,9.748857
1766999220,89531.7,89550.0,89488.0,89496.2,11.719069
1766999280,89496.2,89526.3,89482.4,89525.9,8.675845
1766999340,89525.9,89536.9,89480.3,89480.3,9.820363
1766999400,89480.3,89520.0,89480.3,89520.0,5.778724
1766999460,89520.0,89520.0,89507.6,89507.7,1.331429
1766999520,89507.7,89518.9,89507.7,89513.8,6.729476
1766999580,89513.8,89514.6,89506.5,89514.6,2.58237
1766999640,89514.6,89514.6,89500.3,89500.4,1.494258
1766999700,89500.4,89500.4,89487.1,89497.3,2.844091
1766999760,89497.3,89497.3,89479.5,89488.4,3.299645
1766999820,89488.4,89488.5,89422.1,89432.5,6.442207
1766999880,89432.5,89473.4,89432.5,89473.4,2.898165
1766999940,89473.4,89479.6,89473.3,89479.5,0.693527
1767000000,89479.5,89479.6,89468.2,89468.3,1.873753
1767000060,89468.3,89468.3,89450.9,89451.0,1.461601
1767000120,89451.0,89468.7,89450.9,89455.7,5.371485
1767000180,89455.7,89458.1,89433.1,89443.2,8.742551
1767000240,89443.2,89443.2,89423.8,89423.8,1.858277
1767000300,89423.8,89423.9,89387.2,89387.2,2.145079
1767000360,89387.2,89387.2,89310.9,89317.4,14.025985
1767000420,89317.4,89337.8,89295.5,89331.2,12.722476
1767000480,89331.2,89340.1,89317.1,89317.2,6.253188
1767000540,89317.2,89317.2,89317.1,89317.2,4.47318
1767000600,89317.2,89335.7,89260.5,89276.4,9.720616
1767000660,89276.4,89278.2,89025.8,89044.6,42.966468
1767000720,89044.6,89055.8,88893.0,88893.0,41.66153
1767000780,88893.0,88907.1,88704.0,88706.3,38.058136
1767000840,88706.3,88758.0,88640.0,88715.3,24.864947
1767000900,88715.3,88715.9,88650.0,88681.3,36.358634
1767000960,88681.3,88761.1,88521.6,88525.6,58.268012
1767001020,88525.6,88599.6,88425.3,88425.3,30.514246
1767001080,88425.3,88509.5,88384.0,88493.9,28.66123
1767001140,88493.9,88546.1,88458.2,88539.8,21.46004
1767001200,88539.8,88607.8,88382.2,88392.2,18.253519
1767001260,88392.2,88400.2,88244.1,88279.5,51.355548
1767001320,88279.5,88307.1,88201.5,88283.2,72.988986
1767001380,88283.2,88315.1,88187.5,88199.5,30.134464
1767001440,88199.5,88262.7,88195.1,88247.2,10.964747
1767001500,88247.2,88247.2,87976.8,87976.8,45.84524
1767001560,87976.8,88109.0,87971.9,88022.0,22.521125
1767001620,88022.0,88163.9,88000.0,88000.1,21.517583
1767001680,88000.1,88064.5,87922.1,88016.5,19.356188
1767001740,88016.5,88138.4,87991.3,88079.7,17.932795
1767001800,88079.7,88086.7,87873.4,87873.4,20.760658
1767001860,87873.4,87962.8,87777.8,87921.7,20.591815
1767001920,87921.7,87954.9,87892.2,87909.7,14.648946
1767001980,87909.7,87983.3,87884.3,87966.0,17.278034
1767002040,87966.0,88068.1,87959.7,87991.3,21.528996
1767002100,87991.3,87991.3,87869.9,87907.3,12.618571
1767002160,87907.3,87933.7,87882.7,87917.7,18.605498
1767002220,87917.7,88092.2,87917.6,88062.3,12.595658
1767002280,88062.3,88065.0,88034.7,88050.5,8.41507
1767002340,88050.5,88110.8,88045.2,88110.8,10.142278
1767002400,88110.8,88110.8,87974.2,88091.2,19.653332
1767002460,88091.2,88134.2,88039.8,88039.8,14.765857
1767002520,88039.8,88145.8,88039.8,88129.7,16.027602
1767002580,88129.7,88164.7,88099.1,88099.2,20.328211
1767002640,88099.2,88103.7,88069.8,88072.5,9.967561
1767002700,88072.5,88072.5,87972.3,87972.3,14.960469
1767002760,87972.3,88008.0,87931.5,87943.5,10.881261
1767002820,87943.5,87990.7,87933.5,87990.7,18.887626
1767002880,87990.7,88144.7,87990.7,88144.7,19.654713
1767002940,88144.7,88205.5,88139.3,88180.5,9.30282
1767003000,88180.5,88184.9,88124.3,88151.8,12.402546
1767003060,88151.8,88282.4,88151.8,88249.2,20.759115
1767003120,88249.2,88249.3,88139.5,88139.6,5.619667
1767003180,88139.6,88159.9,88072.7,88072.7,11.145012
1767003240,88072.7,88109.8,88069.8,88081.9,11.315573
1767003300,88081.9,88081.9,88007.4,88016.3,15.189126
1767003360,88016.3,88024.5,88006.7,88015.8,7.961597
1767003420,88015.8,88015.9,87985.3,87985.4,5.808318
1767003480,87985.4,87985.4,87963.6,87973.6,7.891615
1767003540,87973.6,88016.4,87973.6,87974.7,11.696223
1767003600,87974.7,88023.8,87966.4,88023.8,10.233603
1767003660,88023.8,88023.8,87993.3,88001.5,5.720151
1767003720,88001.5,88036.4,87989.4,88036.4,7.854008
1767003780,88036.4,88064.9,88007.5,88029.7,7.653712
1767003840,88029.7,88029.7,88015.6,88027.1,3.4198
1767003900,88027.1,88027.1,87965.3,87974.4,6.163825
1767003960,87974.4,88009.0,87969.4,88005.8,7.682194
1767004020,88005.8,88005.8,87970.2,87970.3,2.543992
1767004080,87970.3,87992.9,87928.6,87988.2,16.768473
1767004140,87988.2,88025.3,87988.2,88022.3,2.370096
1767004200,88022.3,88022.4,87993.8,88001.3,6.340027
1767004260,88001.3,88001.3,87926.9,87939.1,7.573544
1767004320,87939.1,87983.0,87939.0,87983.0,9.728893
1767004380,87983.0,88006.2,87970.7,87998.4,9.54593
1767004440,87998.4,88010.1,87948.7,87948.7,17.277908
1767004500,87948.7,87954.9,87900.0,87922.0,25.461762
1767004560,87922.0,87970.6,87906.7,87970.5,10.533396
1767004620,87970.5,88011.5,87951.9,87952.0,4.166139
1767004680,87952.0,87965.4,87923.2,87960.4,9.902221
1767004740,87960.4,87964.8,87919.6,87919.7,6.867362
1767004800,87919.7,87919.7,87908.9,87912.0,2.99418
1767004860,87912.0,87912.0,87890.1,87890.1,12.449658
1767004920,87890.1,87933.1,87890.1,87933.1,7.673799
1767004980,87933.1,87933.1,87907.4,87907.6,7.033941
1767005040,87907.6,87932.5,87907.5,87928.0,4.18642
1767005100,87928.0,87928.0,87896.1,87896.1,2.10324
1767005160,87896.1,87896.2,87888.0,87888.1,2.442985
1767005220,87888.1,87950.1,87888.0,87909.7,15.380672
1767005280,87909.7,87909.7,87870.1,87877.0,10.146912
1767005340,87877.0,87894.2,87876.2,87876.2,2.560413
1767005400,87876.2,87930.3,87870.7,87876.4,11.577953
1767005460,87876.4,87900.9,87876.4,87886.0,6.590881
1767005520,87886.0,87886.0,87878.0,87884.5,1.277757
1767005580,87884.5,87914.4,87884.5,87914.4,4.889836
1767005640,87914.4,87927.0,87910.2,87926.9,6.127072
1767005700,87926.9,87926.9,87780.7,87780.7,19.801962
1767005760,87780.7,87843.9,87780.7,87826.9,9.871832
1767005820,87826.9,87843.9,87663.9,87708.4,26.041227
1767005880,87708.4,87816.5,87708.4,87796.3,7.356409
1767005940,87796.3,87810.2,87774.3,87782.5,8.812909
1767006000,87782.5,87782.5,87678.2,87739.7,14.397383
1767006060,87739.7,87775.9,87716.1,87716.1,17.537661
1767006120,87716.1,87747.9,87664.0,87711.3,18.714928
1767006180,87711.3,87747.4,87706.3,87726.7,12.03021
1767006240,87726.7,87757.8,87715.3,87723.7,10.937265
1767006300,87723.7,87723.8,87611.3,87692.2,13.560697
1767006360,87692.2,87782.0,87663.3,87766.1,10.245943
1767006420,87766.1,87780.0,87761.1,87761.2,9.012663
1767006480,87761.2,87778.6,87761.1,87770.4,5.998281
1767006540,87770.4,87771.0,87742.8,87766.9,5.197576
1767006600,87766.9,87767.0,87737.9,87737.9,4.915174
1767006660,87737.9,87767.0,87732.2,87767.0,6.988529
1767006720,87767.0,87779.6,87760.6,87779.6,3.385991
1767006780,87779.6,87779.6,87768.9,87769.0,1.844845
1767006840,87769.0,87785.1,87768.9,87780.9,6.906676
1767006900,87780.9,87785.0,87705.3,87751.3,13.603137
1767006960,87751.3,87755.9,87739.3,87741.0,5.118881
1767007020,87741.0,87774.3,87740.9,87763.5,7.149524
1767007080,87763.5,87783.6,87763.5,87783.6,7.758517
1767007140,87783.6,87787.4,87773.4,87787.4,9.360313
1767007200,87787.4,87787.4,87748.5,87778.2,20.698121
1767007260,87778.2,87800.0,87778.1,87784.0,3.802515
1767007320,87784.0,87784.0,87749.9,87750.0,6.322035
1767007380,87750.0,87750.0,87724.6,87724.7,3.54942
1767007440,87724.7,87756.7,87724.6,87741.2,6.355023
1767007500,87741.2,87741.3,87721.0,87731.0,3.170698
1767007560,87731.0,87748.0,87731.0,87736.0,3.853612
1767007620,87736.0,87786.4,87735.9,87786.4,3.302535
1767007680,87786.4,87786.4,87772.4,87772.5,2.558856
1767007740,87772.5,87785.6,87741.8,87741.8,4.454252
1767007800,87741.8,87741.8,87726.7,87726.7,4.144076
1767007860,87726.7,87735.9,87711.9,87711.9,5.156476
1767007920,87711.9,87729.6,87711.9,87720.2,4.474615
1767007980,87720.2,87731.4,87700.0,87717.3,9.20799
1767008040,87717.3,87743.5,87717.3,87743.5,2.121171
1767008100,87743.5,87749.3,87702.4,87702.5,13.075447
1767008160,87702.5,87702.5,87676.9,87676.9,8.666155
1767008220,87676.9,87680.0,87648.7,87654.3,9.514018
1767008280,87654.3,87665.6,87639.6,87646.9,6.661782
1767008340,87646.9,87662.7,87640.4,87646.0,8.751532
1767008400,87646.0,87663.6,87592.4,87655.9,24.540403
1767008460,87655.9,87697.5,87651.7,87670.4,9.452603
1767008520,87670.4,87709.3,87660.2,87691.6,7.957635
1767008580,87691.6,87691.6,87691.5,87691.6,0.209372
1767008640,87691.6,87691.6,87632.4,87632.4,9.584568
1767008700,87632.4,87639.2,87624.8,87634.3,4.856898
1767008760,87634.3,87648.9,87633.8,87640.9,5.47291
1767008820,87640.9,87641.0,87580.1,87584.2,9.039245
1767008880,87584.2,87624.2,87567.9,87624.2,5.447883
1767008940,87624.2,87646.4,87624.2,87641.2,2.677238
1767009000,87641.2,87641.3,87623.6,87623.6,1.779537
1767009060,87623.6,87630.9,87593.5,87630.9,7.802636
1767009120,87630.9,87645.0,87617.0,87644.9,3.22149
1767009180,87644.9,87649.3,87623.9,87645.0,4.117089
1767009240,87645.0,87645.1,87634.4,87634.5,1.370462
1767009300,87634.5,87634.5,87604.0,87614.6,3.743391
1767009360,87614.6,87614.7,87604.7,87604.8,5.365944
1767009420,87604.8,87610.4,87604.7,87604.8,2.963868
1767009480,87604.8,87626.0,87575.0,87603.8,12.660722
1767009540,87603.8,87603.9,87562.5,87562.6,6.227314
1767009600,87562.6,87575.8,87519.6,87528.9,18.896866
1767009660,87528.9,87631.2,87528.9,87631.2,12.118141
1767009720,87631.2,87631.3,87572.3,87580.0,12.133416
1767009780,87580.0,87606.9,87553.2,87595.9,11.349674
1767009840,87595.9,87598.0,87586.4,87591.5,5.556946
1767009900,87591.5,87591.5,87189.1,87367.0,116.507341
1767009960,87367.0,87383.5,87187.0,87212.5,28.419658
1767010020,87212.5,87232.0,87067.5,87096.0,46.939912
1767010080,87096.0,87149.9,87050.0,87056.9,26.275881
1767010140,87056.9,87145.9,87043.2,87046.4,37.306071
1767010200,87046.4,87115.4,87000.0,87077.8,48.897656
1767010260,87077.8,87077.8,86990.0,86990.1,18.813117
1767010320,86990.1,87015.6,86957.0,86957.0,25.801837
1767010380,86957.0,86964.3,86899.8,86917.0,27.639978
1767010440,86917.0,87072.4,86874.4,86958.2,29.085104
1767010500,86958.2,86967.3,86806.4,86884.2,21.603553
1767010560,86884.2,86949.3,86830.0,86882.5,23.084642
1767010620,86882.5,87017.8,86876.1,86917.7,19.095787
1767010680,86917.7,87035.4,86905.0,86978.3,10.02941
1767010740,86978.3,87006.3,86935.2,86935.3,11.970908
1767010800,86935.3,86935.3,86811.7,86916.5,19.552207
1767010860,86916.5,86949.6,86876.6,86942.3,21.971235
1767010920,86942.3,87079.8,86942.3,87070.4,11.291954
1767010980,87070.4,87080.9,87016.3,87043.9,20.184459
1767011040,87043.9,87249.8,87026.6,87184.3,24.125377
1767011100,87184.3,87192.5,87086.6,87160.2,17.837785
1767011160,87160.2,87276.2,87154.0,87236.9,20.065949
1767011220,87236.9,87342.9,87236.9,87316.9,19.131132
1767011280,87316.9,87343.0,87280.8,87343.0,23.516348
1767011340,87343.0,87349.9,87221.4,87265.1,14.608544
1767011400,87265.1,87336.1,87193.1,87317.7,18.546208
1767011460,87317.7,87329.1,87235.1,87256.9,16.979142
1767011520,87256.9,87360.1,87256.9,87351.3,15.721114
1767011580,87351.3,87430.7,87344.1,87355.8,22.234277
1767011640,87355.8,87393.7,87330.3,87354.3,17.942941
1767011700,87354.3,87415.7,87322.5,87349.7,19.392739
1767011760,87349.7,87379.9,87331.3,87363.0,9.095977
1767011820,87363.0,87403.6,87338.1,87396.0,8.983494
1767011880,87396.0,87410.8,87353.9,87379.7,13.714298
1767011940,87379.7,87379.7,87347.7,87347.7,12.934232
1767012000,87347.7,87352.7,87297.6,87314.4,16.62511
1767012060,87314.4,87412.7,87314.4,87412.7,13.118939
1767012120,87412.7,87412.7,87330.7,87330.7,11.483769
1767012180,87330.7,87354.3,87297.5,87330.0,12.680417
1767012240,87330.0,87330.1,87291.1,87298.7,4.651012
1767012300,87298.7,87361.4,87298.7,87345.2,12.940145
1767012360,87345.2,87345.3,87322.0,87326.0,6.985871
1767012420,87326.0,87337.1,87281.5,87337.1,8.053191
1767012480,87337.1,87394.9,87337.0,87365.7,12.179754
1767012540,87365.7,87365.7,87344.5,87355.5,5.096162
1767012600,87355.5,87386.4,87355.4,87379.4,5.796739
1767012660,87379.4,87379.4,87364.2,87364.3,3.805607
1767012720,87364.3,87374.2,87361.4,87374.2,3.488419
1767012780,87374.2,87394.1,87374.1,87383.5,8.263259
1767012840,87383.5,87383.5,87383.4,87383.5,0.403881
1767012900,87383.5,87393.4,87368.9,87369.0,7.716936
1767012960,87369.0,87369.0,87356.7,87369.0,2.411747
1767013020,87369.0,87369.0,87336.1,87336.2,4.375882
1767013080,87336.2,87354.6,87317.9,87354.6,12.716312
1767013140,87354.6,87375.2,87354.5,87375.2,8.185037
1767013200,87375.2,87375.2,87339.6,87375.2,18.263144
1767013260,87375.2,87450.0,87352.2,87441.2,12.017575
1767013320,87441.2,87534.0,87427.7,87493.1,10.050351
1767013380,87493.1,87527.3,87490.8,87512.6,19.339793
1767013440,87512.6,87512.7,87493.2,87498.4,14.495952
1767013500,87498.4,87498.4,87363.5,87412.1,15.159201
1767013560,87412.1,87412.1,87379.1,87379.1,1.439167
1767013620,87379.1,87379.1,87364.7,87375.2,4.533382
1767013680,87375.2,87390.7,87364.9,87390.6,12.563736
1767013740,87390.6,87390.6,87380.8,87389.1,4.186719
1767013800,87389.1,87398.8,87358.8,87398.8,10.950518
1767013860,87398.8,87398.8,87389.1,87398.8,4.975674
1767013920,87398.8,87398.8,87380.1,87391.8,8.84591
1767013980,87391.8,87391.8,87391.7,87391.8,0.181821
1767014040,87391.8,87391.8,87261.7,87326.5,41.561865
1767014100,87326.5,87385.5,87326.5,87385.4,17.756205
1767014160,87385.4,87428.7,87360.1,87428.6,11.192045
1767014220,87428.6,87428.7,87362.6,87380.6,20.071625
1767014280,87380.6,87443.5,87350.1,87429.2,13.626995
1767014340,87429.2,87463.4,87429.1,87445.6,9.994257
1767014400,87445.6,87460.0,87414.5,87445.0,23.199889
1767014460,87445.0,87445.0,87418.7,87427.7,4.621247
1767014520,87427.7,87437.3,87402.6,87413.3,12.682319
1767014580,87413.3,87413.3,87365.0,87366.0,15.928639
1767014640,87366.0,87396.0,87366.0,87395.9,7.435865
1767014700,87395.9,87396.0,87311.6,87367.7,13.371432
1767014760,87367.7,87367.7,87320.3,87320.4,5.409975
1767014820,87320.4,87331.8,87260.2,87320.4,18.996205
1767014880,87320.4,87320.5,87288.7,87288.7,4.122371
1767014940,87288.7,87305.5,87282.4,87293.5,10.090103
1767015000,87293.5,87357.0,87289.5,87356.9,21.504358
1767015060,87356.9,87357.0,87317.3,87333.6,15.316259
1767015120,87333.6,87359.8,87333.6,87350.1,11.697821
1767015180,87350.1,87350.1,87321.8,87335.8,12.974544
1767015240,87335.8,87338.6,87305.8,87334.5,11.172173
1767015300,87334.5,87360.2,87320.2,87353.8,19.241254
1767015360,87353.8,87357.5,87244.7,87272.8,16.608359
1767015420,87272.8,87339.6,87270.2,87339.5,6.278942
1767015480,87339.5,87339.5,87316.2,87328.0,8.859768
1767015540,87328.0,87328.0,87286.0,87286.3,6.438838
1767015600,87286.3,87286.3,87237.9,87237.9,4.757768
1767015660,87237.9,87280.1,87237.7,87249.5,9.205056
1767015720,87249.5,87276.0,87238.1,87260.9,20.654753
1767015780,87260.9,87277.4,87260.9,87272.7,9.459701
1767015840,87272.7,87272.8,87272.7,87272.8,0.757692
1767015900,87272.8,87285.6,87263.7,87284.8,10.404568
1767015960,87284.8,87313.3,87284.8,87313.3,7.517777
1767016020,87313.3,87338.3,87255.1,87282.1,23.605995
1767016080,87282.1,87295.7,87253.7,87253.7,11.682658
1767016140,87253.7,87255.5,87211.3,87220.9,19.224782
1767016200,87220.9,87267.0,87177.2,87194.6,29.214837
1767016260,87194.6,87273.6,87159.9,87255.1,13.531325
1767016320,87255.1,87291.0,87232.5,87278.2,15.572751
1767016380,87278.2,87300.9,87269.0,87300.9,7.714884
1767016440,87300.9,87300.9,87269.3,87280.0,5.645033
1767016500,87280.0,87280.0,87236.6,87261.8,18.904856
1767016560,87261.8,87299.6,87261.7,87299.5,9.207413
1767016620,87299.5,87345.0,87293.2,87345.0,14.284925
1767016680,87345.0,87345.1,87316.1,87321.6,7.800511
1767016740,87321.6,87377.4,87321.6,87377.3,18.273532
1767016800,87377.3,87377.4,87333.9,87362.5,17.237629
1767016860,87362.5,87386.6,87362.4,87370.0,5.362497
1767016920,87370.0,87384.5,87367.1,87373.7,9.850231
1767016980,87373.7,87373.8,87337.8,87346.8,9.143621
1767017040,87346.8,87346.9,87297.9,87318.5,10.357303
1767017100,87318.5,87318.5,87248.6,87295.3,21.107034
1767017160,87295.3,87295.3,87243.5,87276.0,12.060032
1767017220,87276.0,87348.1,87266.3,87348.0,21.381827
1767017280,87348.0,87369.9,87324.4,87336.0,10.514987
1767017340,87336.0,87336.0,87253.9,87288.2,12.502039
1767017400,87288.2,87327.7,87288.2,87306.8,10.969697
1767017460,87306.8,87325.8,87279.6,87293.0,9.900303
1767017520,87293.0,87300.5,87269.6,87295.5,16.973408
1767017580,87295.5,87347.7,87291.6,87347.7,7.317133
1767017640,87347.7,87420.8,87347.6,87420.8,13.312477
1767017700,87420.8,87440.8,87389.9,87390.0,16.95513
1767017760,87390.0,87484.7,87390.0,87484.6,17.543773
1767017820,87484.6,87513.1,87453.7,87462.7,26.739181
1767017880,87462.7,87475.0,87459.8,87464.9,17.158984
1767017940,87464.9,87465.0,87400.4,87421.9,25.424492
1767018000,87421.9,87439.5,87360.2,87396.2,18.305087
1767018060,87396.2,87411.9,87391.3,87411.9,10.985623
1767018120,87411.9,87411.9,87350.0,87350.1,15.550773
1767018180,87350.1,87401.6,87344.8,87385.8,15.425679
1767018240,87385.8,87412.2,87363.9,87412.2,8.813844
1767018300,87412.2,87437.0,87412.1,87428.5,10.520893
1767018360,87428.5,87452.8,87415.6,87415.7,5.236455
1767018420,87415.7,87468.1,87407.5,87465.0,13.860454
1767018480,87465.0,87516.4,87465.0,87516.4,18.562442
1767018540,87516.4,87615.8,87516.4,87607.4,22.583792
1767018600,87607.4,87607.4,87410.1,87442.2,25.996525
1767018660,87442.2,87614.8,87442.2,87605.0,18.159161
1767018720,87605.0,88024.9,87605.0,87872.9,51.956189
1767018780,87872.9,87872.9,87821.9,87854.0,2.546926
